server listen on 127.0.0.1:8080
[2026-09-27 22:15:34] [INFO] [EventLoop.cpp:22] TCP server initialized
new client:6
new client:7
new client:8
new client:9
new client:10
new client:11
new client:12
new client:13
new client:14
new client:15
new client:16
new client:17
new client:18
new client:19
new client:20
new client:21
new client:22
new client:23
new client:24
new client:26
new client:27
new client:28
new client:30
new client:31
new client:32
new client:33
new client:34
new client:35
new client:36
new client:37
new client:38
new client:39
new client:40
new client:41
new client:42
new client:43
new client:44
new client:45
new client:46
new client:47
new client:48
new client:49
new client:50
new client:51
new client:52
new client:53
new client:54
new client:55
new client:56
new client:57
new client:58
new client:59
new client:60
new client:61
new client:62
new client:63
new client:64
new client:65
new client:66
new client:67
new client:68
new client:69
new client:70
new client:71
new client:72
new client:73
new client:74
new client:75
new client:76
new client:77
new client:78
new client:79
new client:80
new client:81
new client:82
new client:83
new client:84
new client:85
new client:86
new client:87
new client:88
new client:89
new client:90
new client:91
new client:92
new client:93
new client:94
new client:95
new client:96
new client:97
new client:98
new client:99
new client:100
new client:101
new client:102
new client:103
new client:104
new client:105
new client:106
new client:107
close client
close client
close client
close client
close client
close client
close client
close client
close client
close client
close client
close client
close client
close client
close client
close client
close client
close client
close client
close client
close client
close client
close client
close client
close client
close client
close client
close client
close client
close client
close client
close client
close client
close client
close client
close client
close client
close client
close client
close client
close client
close client
close client
close client
close client
close client
close client
close client
close client
close client
close client
close client
close client
close client
close client
close client
close client
close client
close client
close client
close client
close client
close client
close client
close client
close client
close client
close client
close client
close client
close client
close client
close client
close client
close client
close client
close client
close client
close client
close client
close client
close client
close client
close client
close client
close client
close client
close client
close client
close client
close client
close client
close client
close client
close client
close client
close client
close client
close client
close client
new client:6
new client:7
new client:8
new client:9
new client:10
new client:11
new client:12
new client:13
new client:14
new client:15
new client:16
new client:17
new client:18
new client:19
new client:20
new client:21
new client:22
new client:23
new client:24
new client:26
new client:27
new client:28
new client:30
new client:31
new client:32
new client:33
new client:34
new client:35
new client:36
new client:37
new client:38
new client:39
new client:40
new client:41
new client:42
new client:43
new client:44
new client:45
new client:46
new client:47
new client:48
new client:49
new client:50
new client:51
new client:52
new client:53
new client:54
new client:55
new client:56
new client:57
new client:58
new client:59
new client:60
new client:61
new client:62
new client:63
new client:64
new client:65
new client:66
new client:67
new client:68
new client:69
new client:70
new client:71
new client:72
new client:73
new client:74
new client:75
new client:76
new client:77
new client:78
new client:79
new client:80
new client:81
new client:82
new client:83
new client:84
new client:85
new client:86
new client:87
new client:88
new client:89
new client:90
new client:91
new client:92
new client:93
new client:94
new client:95
new client:96
new client:97
new client:98
new client:99
new client:100
new client:101
new client:102
new client:103
new client:104
new client:105
new client:106
new client:107
close client
close client
close client
close client
close client
close client
close client
close client
close client
close client
close client
close client
close client
close client
close client
close client
close client
close client
close client
close client
close client
close client
close client
close client
close client
close client
close client
close client
close client
close client
close client
close client
close client
close client
close client
close client
close client
close client
close client
close client
close client
close client
close client
close client
close client
close client
close client
close client
close client
close client
close client
close client
close client
close client
close client
close client
close client
close client
close client
close client
close client
close client
close client
close client
close client
close client
close client
close client
close client
close client
close client
close client
close client
close client
close client
close client
close client
close client
close client
close client
close client
close client
close client
close client
close client
close client
close client
close client
close client
close client
close client
close client
close client
close client
close client
close client
close client
close client
close client
close client
new client:6
new client:7
new client:8
new client:9
new client:10
new client:11
new client:12
new client:13
new client:14
new client:15
new client:16
new client:17
new client:18
new client:19
new client:20
new client:21
new client:22
new client:23
new client:24
new client:26
new client:27
new client:28
new client:30
new client:31
new client:32
new client:33
new client:34
new client:35
new client:36
new client:37
new client:38
new client:39
new client:40
new client:41
new client:42
new client:43
new client:44
new client:45
new client:46
new client:47
new client:48
new client:49
new client:50
new client:51
new client:52
new client:53
new client:54
new client:55
new client:56
new client:57
new client:58
new client:59
new client:60
new client:61
new client:62
new client:63
new client:64
new client:65
new client:66
new client:67
new client:68
new client:69
new client:70
new client:71
new client:72
new client:73
new client:74
new client:75
new client:76
new client:77
new client:78
new client:79
new client:80
new client:81
new client:82
new client:83
new client:84
new client:85
new client:86
new client:87
new client:88
new client:89
new client:90
new client:91
new client:92
new client:93
new client:94
new client:95
new client:96
new client:97
new client:98
new client:99
new client:100
new client:101
new client:102
new client:103
new client:104
new client:105
new client:106
new client:107
new client:108
new client:109
new client:110
new client:111
new client:112
new client:113
new client:114
new client:115
new client:116
new client:117
new client:118
new client:119
new client:120
new client:121
new client:122
new client:123
new client:124
new client:125
new client:126
new client:127
new client:128
new client:129
new client:130
new client:131
new client:132
new client:133
new client:134
new client:135
new client:136
new client:137
new client:138
new client:139
new client:140
new client:141
new client:142
new client:143
new client:144
new client:145
new client:146
new client:147
new client:148
new client:149
new client:150
new client:151
new client:152
new client:153
new client:154
new client:155
new client:156
new client:157
new client:158
new client:159
new client:160
new client:161
new client:162
new client:163
new client:164
new client:165
new client:166
new client:167
new client:168
new client:169
new client:170
new client:171
new client:172
new client:173
new client:174
new client:175
new client:176
new client:177
new client:178
new client:179
new client:180
new client:181
new client:182
new client:183
new client:184
new client:185
new client:186
new client:187
new client:188
new client:189
new client:190
new client:191
new client:192
new client:193
new client:194
new client:195
new client:196
new client:197
new client:198
new client:199
new client:200
new client:201
new client:202
new client:203
new client:204
new client:205
new client:206
new client:207
close client
close client
close client
close client
close client
close client
close client
close client
close client
close client
close client
close client
close client
close client
close client
close client
close client
close client
close client
close client
close client
close client
close client
close client
close client
close client
close client
close client
close client
close client
close client
close client
close client
close client
close client
close client
close client
close client
close client
close client
close client
close client
close client
close client
close client
close client
close client
close client
close client
close client
close client
close client
close client
close client
close client
close client
close client
close client
close client
close client
close client
close client
close client
close client
close client
close client
close client
close client
close client
close client
close client
close client
close client
close client
close client
close client
close client
close client
close client
close client
close client
close client
close client
close client
close client
close client
close client
close client
close client
close client
close client
close client
close client
close client
close client
close client
close client
close client
close client
close client
close client
close client
close client
close client
close client
close client
close client
close client
close client
close client
close client
close client
close client
close client
close client
close client
close client
close client
close client
close client
close client
close client
close client
close client
close client
close client
close client
close client
close client
close client
close client
close client
close client
close client
close client
close client
close client
close client
close client
close client
close client
close client
close client
close client
close client
close client
close client
close client
close client
close client
close client
close client
close client
close client
close client
close client
close client
close client
close client
close client
close client
close client
close client
close client
close client
close client
close client
close client
close client
close client
close client
close client
close client
close client
close client
close client
close client
close client
close client
close client
close client
close client
close client
close client
close client
close client
close client
close client
close client
close client
close client
close client
close client
close client
close client
close client
close client
close client
close client
close client
new client:6
new client:7
new client:8
new client:9
new client:10
new client:11
new client:12
new client:13
new client:14
new client:15
new client:16
new client:17
new client:18
new client:19
new client:20
new client:21
new client:22
new client:23
new client:24
new client:26
new client:27
new client:28
new client:30
new client:31
new client:32
new client:33
new client:34
new client:35
new client:36
new client:37
new client:38
new client:39
new client:40
new client:41
new client:42
new client:43
new client:44
new client:45
new client:46
new client:47
new client:48
new client:49
new client:50
new client:51
new client:52
new client:53
new client:54
new client:55
new client:56
new client:57
new client:58
new client:59
new client:60
new client:61
new client:62
new client:63
new client:64
new client:65
new client:66
new client:67
new client:68
new client:69
new client:70
new client:71
new client:72
new client:73
new client:74
new client:75
new client:76
new client:77
new client:78
new client:79
new client:80
new client:81
new client:82
new client:83
new client:84
new client:85
new client:86
new client:87
new client:88
new client:89
new client:90
new client:91
new client:92
new client:93
new client:94
new client:95
new client:96
new client:97
new client:98
new client:99
new client:100
new client:101
new client:102
new client:103
new client:104
new client:105
new client:106
new client:107
new client:108
new client:109
new client:110
new client:111
new client:112
new client:113
new client:114
new client:115
new client:116
new client:117
new client:118
new client:119
new client:120
new client:121
new client:122
new client:123
new client:124
new client:125
new client:126
new client:127
new client:128
new client:129
new client:130
new client:131
new client:132
new client:133
new client:134
new client:135
new client:136
new client:137
new client:138
new client:139
new client:140
new client:141
new client:142
new client:143
new client:144
new client:145
new client:146
new client:147
new client:148
new client:149
new client:150
new client:151
new client:152
new client:153
new client:154
new client:155
new client:156
new client:157
new client:158
new client:159
new client:160
new client:161
new client:162
new client:163
new client:164
new client:165
new client:166
new client:167
new client:168
new client:169
new client:170
new client:171
new client:172
new client:173
new client:174
new client:175
new client:176
new client:177
new client:178
new client:179
new client:180
new client:181
new client:182
new client:183
new client:184
new client:185
new client:186
new client:187
new client:188
new client:189
new client:190
new client:191
new client:192
new client:193
new client:194
new client:195
new client:196
new client:197
new client:198
new client:199
new client:200
new client:201
new client:202
new client:203
new client:204
new client:205
new client:206
new client:207
new client:208
new client:209
new client:210
new client:211
new client:212
new client:213
new client:214
new client:215
new client:216
new client:217
new client:218
new client:219
new client:220
new client:221
new client:222
new client:223
new client:224
new client:225
new client:226
new client:227
new client:228
new client:229
new client:230
new client:231
new client:232
new client:233
new client:234
new client:235
new client:236
new client:237
new client:238
new client:239
new client:240
new client:241
new client:242
new client:243
new client:244
new client:245
new client:246
new client:247
new client:248
new client:249
new client:250
new client:251
new client:252
new client:253
new client:254
new client:255
new client:256
new client:257
new client:258
new client:259
new client:260
new client:261
new client:262
new client:263
new client:264
new client:265
new client:266
new client:267
new client:268
new client:269
new client:270
new client:271
new client:272
new client:273
new client:274
new client:275
new client:276
new client:277
new client:278
new client:279
new client:280
new client:281
new client:282
new client:283
new client:284
new client:285
new client:286
new client:287
new client:288
new client:289
new client:290
new client:291
new client:292
new client:293
new client:294
new client:295
new client:296
new client:297
new client:298
new client:299
new client:300
new client:301
new client:302
new client:303
new client:304
new client:305
new client:306
new client:307
new client:308
new client:309
new client:310
new client:311
new client:312
new client:313
new client:314
new client:315
new client:316
new client:317
new client:318
new client:319
new client:320
new client:321
new client:322
new client:323
new client:324
new client:325
new client:326
new client:327
new client:328
new client:329
new client:330
new client:331
new client:332
new client:333
new client:334
new client:335
new client:336
new client:337
new client:338
new client:339
new client:340
new client:341
new client:342
new client:343
new client:344
new client:345
new client:346
new client:347
new client:348
new client:349
new client:350
new client:351
new client:352
new client:353
new client:354
new client:355
new client:356
new client:357
new client:358
new client:359
new client:360
new client:361
new client:362
new client:363
new client:364
new client:365
new client:366
new client:367
new client:368
new client:369
new client:370
new client:371
new client:372
new client:373
new client:374
new client:375
new client:376
new client:377
new client:378
new client:379
new client:380
new client:381
new client:382
new client:383
new client:384
new client:385
new client:386
new client:387
new client:388
new client:389
new client:390
new client:391
new client:392
new client:393
new client:394
new client:395
new client:396
new client:397
new client:398
new client:399
new client:400
new client:401
new client:402
new client:403
new client:404
new client:405
new client:406
new client:407
close client
close client
close client
close client
close client
close client
close client
close client
close client
close client
close client
close client
close client
close client
close client
close client
close client
close client
close client
close client
close client
close client
close client
close client
close client
close client
close client
close client
close client
close client
close client
close client
close client
close client
close client
close client
close client
close client
close client
close client
close client
close client
close client
close client
close client
close client
close client
close client
close client
close client
close client
close client
close client
close client
close client
close client
close client
close client
close client
close client
close client
close client
close client
close client
close client
close client
close client
close client
close client
close client
close client
close client
close client
close client
close client
close client
close client
close client
close client
close client
close client
close client
close client
close client
close client
close client
close client
close client
close client
close client
close client
close client
close client
close client
close client
close client
close client
close client
close client
close client
close client
close client
close client
close client
close client
close client
close client
close client
close client
close client
close client
close client
close client
close client
close client
close client
close client
close client
close client
close client
close client
close client
close client
close client
close client
close client
close client
close client
close client
close client
close client
close client
close client
close client
close client
close client
close client
close client
close client
close client
close client
close client
close client
close client
close client
close client
close client
close client
close client
close client
close client
close client
close client
close client
close client
close client
close client
close client
close client
close client
close client
close client
close client
close client
close client
close client
close client
close client
close client
close client
close client
close client
close client
close client
close client
close client
close client
close client
close client
close client
close client
close client
close client
close client
close client
close client
close client
close client
close client
close client
close client
close client
close client
close client
close client
close client
close client
close client
close client
close client
close client
close client
close client
close client
close client
close client
close client
close client
close client
close client
close client
close client
close client
close client
close client
close client
close client
close client
close client
close client
close client
close client
close client
close client
close client
close client
close client
close client
close client
close client
close client
close client
close client
close client
close client
close client
close client
close client
close client
close client
close client
close client
close client
close client
close client
close client
close client
close client
close client
close client
close client
close client
close client
close client
close client
close client
close client
close client
close client
close client
close client
close client
close client
close client
close client
close client
close client
close client
close client
close client
close client
close client
close client
close client
close client
close client
close client
close client
close client
close client
close client
close client
close client
close client
close client
close client
close client
close client
close client
close client
close client
close client
close client
close client
close client
close client
close client
close client
close client
close client
close client
close client
close client
close client
close client
close client
close client
close client
close client
close client
close client
close client
close client
close client
close client
close client
close client
close client
close client
close client
close client
close client
close client
close client
close client
close client
close client
close client
close client
close client
close client
close client
close client
close client
close client
close client
close client
close client
close client
close client
close client
close client
close client
close client
close client
close client
close client
close client
close client
close client
close client
close client
close client
close client
close client
close client
close client
close client
close client
close client
close client
close client
close client
close client
close client
close client
close client
close client
close client
close client
close client
close client
close client
close client
close client
close client
close client
close client
close client
close client
close client
close client
close client
close client
close client
close client
close client
close client
close client
close client
close client
close client
close client
close client
close client
close client
close client
close client
close client
close client
new client:6
new client:7
new client:8
new client:9
new client:10
new client:11
new client:12
new client:13
new client:14
new client:15
new client:16
new client:17
new client:18
new client:19
new client:20
new client:21
new client:22
new client:23
new client:24
new client:26
new client:27
new client:28
new client:30
new client:31
new client:32
new client:33
new client:34
new client:35
new client:36
new client:37
new client:38
new client:39
new client:40
new client:41
new client:42
new client:43
new client:44
new client:45
new client:46
new client:47
new client:48
new client:49
new client:50
new client:51
new client:52
new client:53
new client:54
new client:55
new client:56
new client:57
new client:58
new client:59
new client:60
new client:61
new client:62
new client:63
new client:64
new client:65
new client:66
new client:67
new client:68
new client:69
new client:70
new client:71
new client:72
new client:73
new client:74
new client:75
new client:76
new client:77
new client:78
new client:79
new client:80
new client:81
new client:82
new client:83
new client:84
new client:85
new client:86
new client:87
new client:88
new client:89
new client:90
new client:91
new client:92
new client:93
new client:94
new client:95
new client:96
new client:97
new client:98
new client:99
new client:100
new client:101
new client:102
new client:103
new client:104
new client:105
new client:106
new client:107
new client:108
new client:109
new client:110
new client:111
new client:112
new client:113
new client:114
new client:115
new client:116
new client:117
new client:118
new client:119
new client:120
new client:121
new client:122
new client:123
new client:124
new client:125
new client:126
new client:127
new client:128
new client:129
new client:130
new client:131
new client:132
new client:133
new client:134
new client:135
new client:136
new client:137
new client:138
new client:139
new client:140
new client:141
new client:142
new client:143
new client:144
new client:145
new client:146
new client:147
new client:148
new client:149
new client:150
new client:151
new client:152
new client:153
new client:154
new client:155
new client:156
new client:157
new client:158
new client:159
new client:160
new client:161
new client:162
new client:163
new client:164
new client:165
new client:166
new client:167
new client:168
new client:169
new client:170
new client:171
new client:172
new client:173
new client:174
new client:175
new client:176
new client:177
new client:178
new client:179
new client:180
new client:181
new client:182
new client:183
new client:184
new client:185
new client:186
new client:187
new client:188
new client:189
new client:190
new client:191
new client:192
new client:193
new client:194
new client:195
new client:196
new client:197
new client:198
new client:199
new client:200
new client:201
new client:202
new client:203
new client:204
new client:205
new client:206
new client:207
new client:208
new client:209
new client:210
new client:211
new client:212
new client:213
new client:214
new client:215
new client:216
new client:217
new client:218
new client:219
new client:220
new client:221
new client:222
new client:223
new client:224
new client:225
new client:226
new client:227
new client:228
new client:229
new client:230
new client:231
new client:232
new client:233
new client:234
new client:235
new client:236
new client:237
new client:238
new client:239
new client:240
new client:241
new client:242
new client:243
new client:244
new client:245
new client:246
new client:247
new client:248
new client:249
new client:250
new client:251
new client:252
new client:253
new client:254
new client:255
new client:256
new client:257
new client:258
new client:259
new client:260
new client:261
new client:262
new client:263
new client:264
new client:265
new client:266
new client:267
new client:268
new client:269
new client:270
new client:271
new client:272
new client:273
new client:274
new client:275
new client:276
new client:277
new client:278
new client:279
new client:280
new client:281
new client:282
new client:283
new client:284
new client:285
new client:286
new client:287
new client:288
new client:289
new client:290
new client:291
new client:292
new client:293
new client:294
new client:295
new client:296
new client:297
new client:298
new client:299
new client:300
new client:301
new client:302
new client:303
new client:304
new client:305
new client:306
new client:307
new client:308
new client:309
new client:310
new client:311
new client:312
new client:313
new client:314
new client:315
new client:316
new client:317
new client:318
new client:319
new client:320
new client:321
new client:322
new client:323
new client:324
new client:325
new client:326
new client:327
new client:328
new client:329
new client:330
new client:331
new client:332
new client:333
new client:334
new client:335
new client:336
new client:337
new client:338
new client:339
new client:340
new client:341
new client:342
new client:343
new client:344
new client:345
new client:346
new client:347
new client:348
new client:349
new client:350
new client:351
new client:352
new client:353
new client:354
new client:355
new client:356
new client:357
new client:358
new client:359
new client:360
new client:361
new client:362
new client:363
new client:364
new client:365
new client:366
new client:367
new client:368
new client:369
new client:370
new client:371
new client:372
new client:373
new client:374
new client:375
new client:376
new client:377
new client:378
new client:379
new client:380
new client:381
new client:382
new client:383
new client:384
new client:385
new client:386
new client:387
new client:388
new client:389
new client:390
new client:391
new client:392
new client:393
new client:394
new client:395
new client:396
new client:397
new client:398
new client:399
new client:400
new client:401
new client:402
new client:403
new client:404
new client:405
new client:406
new client:407
new client:408
new client:409
new client:410
new client:411
new client:412
new client:413
new client:414
new client:415
new client:416
new client:417
new client:418
new client:419
new client:420
new client:421
new client:422
new client:423
new client:424
new client:425
new client:426
new client:427
new client:428
new client:429
new client:430
new client:431
new client:432
new client:433
new client:434
new client:435
new client:436
new client:437
new client:438
new client:439
new client:440
new client:441
new client:442
new client:443
new client:444
new client:445
new client:446
new client:447
new client:448
new client:449
new client:450
new client:451
new client:452
new client:453
new client:454
new client:455
new client:456
new client:457
new client:458
new client:459
new client:460
new client:461
new client:462
new client:463
new client:464
new client:465
new client:466
new client:467
new client:468
new client:469
new client:470
new client:471
new client:472
new client:473
new client:474
new client:475
new client:476
new client:477
new client:478
new client:479
new client:480
new client:481
new client:482
new client:483
new client:484
new client:485
new client:486
new client:487
new client:488
new client:489
new client:490
new client:491
new client:492
new client:493
new client:494
new client:495
new client:496
new client:497
new client:498
new client:499
new client:500
new client:501
new client:502
new client:503
new client:504
new client:505
new client:506
new client:507
new client:508
new client:509
new client:510
new client:511
new client:512
new client:513
new client:514
new client:515
new client:516
new client:517
new client:518
new client:519
new client:520
new client:521
new client:522
new client:523
new client:524
new client:525
new client:526
new client:527
new client:528
new client:529
new client:530
new client:531
new client:532
new client:533
new client:534
new client:535
new client:536
new client:537
new client:538
new client:539
new client:540
new client:541
new client:542
new client:543
new client:544
new client:545
new client:546
new client:547
new client:548
new client:549
new client:550
new client:551
new client:552
new client:553
new client:554
new client:555
new client:556
new client:557
new client:558
new client:559
new client:560
new client:561
new client:562
new client:563
new client:564
new client:565
new client:566
new client:567
new client:568
new client:569
new client:570
new client:571
new client:572
new client:573
new client:574
new client:575
new client:576
new client:577
new client:578
new client:579
new client:580
new client:581
new client:582
new client:583
new client:584
new client:585
new client:586
new client:587
new client:588
new client:589
new client:590
new client:591
new client:592
new client:593
new client:594
new client:595
new client:596
new client:597
new client:598
new client:599
new client:600
new client:601
new client:602
new client:603
new client:604
new client:605
new client:606
new client:607
close client
close client
close client
close client
close client
close client
close client
close client
close client
close client
close client
close client
close client
close client
close client
close client
close client
close client
close client
close client
close client
close client
close client
close client
close client
close client
close client
close client
close client
close client
close client
close client
close client
close client
close client
close client
close client
close client
close client
close client
close client
close client
close client
close client
close client
close client
close client
close client
close client
close client
close client
close client
close client
close client
close client
close client
close client
close client
close client
close client
close client
close client
close client
close client
close client
close client
close client
close client
close client
close client
close client
close client
close client
close client
close client
close client
close client
close client
close client
close client
close client
close client
close client
close client
close client
close client
close client
close client
close client
close client
close client
close client
close client
close client
close client
close client
close client
close client
close client
close client
close client
close client
close client
close client
close client
close client
close client
close client
close client
close client
close client
close client
close client
close client
close client
close client
close client
close client
close client
close client
close client
close client
close client
close client
close client
close client
close client
close client
close client
close client
close client
close client
close client
close client
close client
close client
close client
close client
close client
close client
close client
close client
close client
close client
close client
close client
close client
close client
close client
close client
close client
close client
close client
close client
close client
close client
close client
close client
close client
close client
close client
close client
close client
close client
close client
close client
close client
close client
close client
close client
close client
close client
close client
close client
close client
close client
close client
close client
close client
close client
close client
close client
close client
close client
close client
close client
close client
close client
close client
close client
close client
close client
close client
close client
close client
close client
close client
close client
close client
close client
close client
close client
close client
close client
close client
close client
close client
close client
close client
close client
close client
close client
close client
close client
close client
close client
close client
close client
close client
close client
close client
close client
close client
close client
close client
close client
close client
close client
close client
close client
close client
close client
close client
close client
close client
close client
close client
close client
close client
close client
close client
close client
close client
close client
close client
close client
close client
close client
close client
close client
close client
close client
close client
close client
close client
close client
close client
close client
close client
close client
close client
close client
close client
close client
close client
close client
close client
close client
close client
close client
close client
close client
close client
close client
close client
close client
close client
close client
close client
close client
close client
close client
close client
close client
close client
close client
close client
close client
close client
close client
close client
close client
close client
close client
close client
close client
close client
close client
close client
close client
close client
close client
close client
close client
close client
close client
close client
close client
close client
close client
close client
close client
close client
close client
close client
close client
close client
close client
close client
close client
close client
close client
close client
close client
close client
close client
close client
close client
close client
close client
close client
close client
close client
close client
close client
close client
close client
close client
close client
close client
close client
close client
close client
close client
close client
close client
close client
close client
close client
close client
close client
close client
close client
close client
close client
close client
close client
close client
close client
close client
close client
close client
close client
close client
close client
close client
close client
close client
close client
close client
close client
close client
close client
close client
close client
close client
close client
close client
close client
close client
close client
close client
close client
close client
close client
close client
close client
close client
close client
close client
close client
close client
close client
close client
close client
close client
close client
close client
close client
close client
close client
close client
close client
close client
close client
close client
close client
close client
close client
close client
close client
close client
close client
close client
close client
close client
close client
close client
close client
close client
close client
close client
close client
close client
close client
close client
close client
close client
close client
close client
close client
close client
close client
close client
close client
close client
close client
close client
close client
close client
close client
close client
close client
close client
close client
close client
close client
close client
close client
close client
close client
close client
close client
close client
close client
close client
close client
close client
close client
close client
close client
close client
close client
close client
close client
close client
close client
close client
close client
close client
close client
close client
close client
close client
close client
close client
close client
close client
close client
close client
close client
close client
close client
close client
close client
close client
close client
close client
close client
close client
close client
close client
close client
close client
close client
close client
close client
close client
close client
close client
close client
close client
close client
close client
close client
close client
close client
close client
close client
close client
close client
close client
close client
close client
close client
close client
close client
close client
close client
close client
close client
close client
close client
close client
close client
close client
close client
close client
close client
close client
close client
close client
close client
close client
close client
close client
close client
close client
close client
close client
close client
close client
close client
close client
close client
close client
close client
close client
close client
close client
close client
close client
close client
close client
close client
close client
close client
close client
close client
close client
close client
close client
close client
close client
close client
close client
close client
close client
close client
close client
close client
close client
close client
close client
close client
close client
close client
close client
close client
close client
close client
close client
close client
close client
close client
close client
close client
close client
close client
close client
close client
close client
close client
close client
close client
close client
close client
close client
close client
close client
new client:6
new client:7
new client:8
new client:9
new client:10
new client:11
new client:12
new client:13
new client:14
new client:15
new client:16
new client:17
new client:18
new client:19
new client:20
new client:21
new client:22
new client:23
new client:24
new client:26
new client:27
new client:28
new client:30
new client:31
new client:32
new client:33
new client:34
new client:35
new client:36
new client:37
new client:38
new client:39
new client:40
new client:41
new client:42
new client:43
new client:44
new client:45
new client:46
new client:47
new client:48
new client:49
new client:50
new client:51
new client:52
new client:53
new client:54
new client:55
new client:56
new client:57
new client:58
new client:59
new client:60
new client:61
new client:62
new client:63
new client:64
new client:65
new client:66
new client:67
new client:68
new client:69
new client:70
new client:71
new client:72
new client:73
new client:74
new client:75
new client:76
new client:77
new client:78
new client:79
new client:80
new client:81
new client:82
new client:83
new client:84
new client:85
new client:86
new client:87
new client:88
new client:89
new client:90
new client:91
new client:92
new client:93
new client:94
new client:95
new client:96
new client:97
new client:98
new client:99
new client:100
new client:101
new client:102
new client:103
new client:104
new client:105
new client:106
new client:107
new client:108
new client:109
new client:110
new client:111
new client:112
new client:113
new client:114
new client:115
new client:116
new client:117
new client:118
new client:119
new client:120
new client:121
new client:122
new client:123
new client:124
new client:125
new client:126
new client:127
new client:128
new client:129
new client:130
new client:131
new client:132
new client:133
new client:134
new client:135
new client:136
new client:137
new client:138
new client:139
new client:140
new client:141
new client:142
new client:143
new client:144
new client:145
new client:146
new client:147
new client:148
new client:149
new client:150
new client:151
new client:152
new client:153
new client:154
new client:155
new client:156
new client:157
new client:158
new client:159
new client:160
new client:161
new client:162
new client:163
new client:164
new client:165
new client:166
new client:167
new client:168
new client:169
new client:170
new client:171
new client:172
new client:173
new client:174
new client:175
new client:176
new client:177
new client:178
new client:179
new client:180
new client:181
new client:182
new client:183
new client:184
new client:185
new client:186
new client:187
new client:188
new client:189
new client:190
new client:191
new client:192
new client:193
new client:194
new client:195
new client:196
new client:197
new client:198
new client:199
new client:200
new client:201
new client:202
new client:203
new client:204
new client:205
new client:206
new client:207
new client:208
new client:209
new client:210
new client:211
new client:212
new client:213
new client:214
new client:215
new client:216
new client:217
new client:218
new client:219
new client:220
new client:221
new client:222
new client:223
new client:224
new client:225
new client:226
new client:227
new client:228
new client:229
new client:230
new client:231
new client:232
new client:233
new client:234
new client:235
new client:236
new client:237
new client:238
new client:239
new client:240
new client:241
new client:242
new client:243
new client:244
new client:245
new client:246
new client:247
new client:248
new client:249
new client:250
new client:251
new client:252
new client:253
new client:254
new client:255
new client:256
new client:257
new client:258
new client:259
new client:260
new client:261
new client:262
new client:263
new client:264
new client:265
new client:266
new client:267
new client:268
new client:269
new client:270
new client:271
new client:272
new client:273
new client:274
new client:275
new client:276
new client:277
new client:278
new client:279
new client:280
new client:281
new client:282
new client:283
new client:284
new client:285
new client:286
new client:287
new client:288
new client:289
new client:290
new client:291
new client:292
new client:293
new client:294
new client:295
new client:296
new client:297
new client:298
new client:299
new client:300
new client:301
new client:302
new client:303
new client:304
new client:305
new client:306
new client:307
new client:308
new client:309
new client:310
new client:311
new client:312
new client:313
new client:314
new client:315
new client:316
new client:317
new client:318
new client:319
new client:320
new client:321
new client:322
new client:323
new client:324
new client:325
new client:326
new client:327
new client:328
new client:329
new client:330
new client:331
new client:332
new client:333
new client:334
new client:335
new client:336
new client:337
new client:338
new client:339
new client:340
new client:341
new client:342
new client:343
new client:344
new client:345
new client:346
new client:347
new client:348
new client:349
new client:350
new client:351
new client:352
new client:353
new client:354
new client:355
new client:356
new client:357
new client:358
new client:359
new client:360
new client:361
new client:362
new client:363
new client:364
new client:365
new client:366
new client:367
new client:368
new client:369
new client:370
new client:371
new client:372
new client:373
new client:374
new client:375
new client:376
new client:377
new client:378
new client:379
new client:380
new client:381
new client:382
new client:383
new client:384
new client:385
new client:386
new client:387
new client:388
new client:389
new client:390
new client:391
new client:392
new client:393
new client:394
new client:395
new client:396
new client:397
new client:398
new client:399
new client:400
new client:401
new client:402
new client:403
new client:404
new client:405
new client:406
new client:407
new client:408
new client:409
new client:410
new client:411
new client:412
new client:413
new client:414
new client:415
new client:416
new client:417
new client:418
new client:419
new client:420
new client:421
new client:422
new client:423
new client:424
new client:425
new client:426
new client:427
new client:428
new client:429
new client:430
new client:431
new client:432
new client:433
new client:434
new client:435
new client:436
new client:437
new client:438
new client:439
new client:440
new client:441
new client:442
new client:443
new client:444
new client:445
new client:446
new client:447
new client:448
new client:449
new client:450
new client:451
new client:452
new client:453
new client:454
new client:455
new client:456
new client:457
new client:458
new client:459
new client:460
new client:461
new client:462
new client:463
new client:464
new client:465
new client:466
new client:467
new client:468
new client:469
new client:470
new client:471
new client:472
new client:473
new client:474
new client:475
new client:476
new client:477
new client:478
new client:479
new client:480
new client:481
new client:482
new client:483
new client:484
new client:485
new client:486
new client:487
new client:488
new client:489
new client:490
new client:491
new client:492
new client:493
new client:494
new client:495
new client:496
new client:497
new client:498
new client:499
new client:500
new client:501
new client:502
new client:503
new client:504
new client:505
new client:506
new client:507
new client:508
new client:509
new client:510
new client:511
new client:512
new client:513
new client:514
new client:515
new client:516
new client:517
new client:518
new client:519
new client:520
new client:521
new client:522
new client:523
new client:524
new client:525
new client:526
new client:527
new client:528
new client:529
new client:530
new client:531
new client:532
new client:533
new client:534
new client:535
new client:536
new client:537
new client:538
new client:539
new client:540
new client:541
new client:542
new client:543
new client:544
new client:545
new client:546
new client:547
new client:548
new client:549
new client:550
new client:551
new client:552
new client:553
new client:554
new client:555
new client:556
new client:557
new client:558
new client:559
new client:560
new client:561
new client:562
new client:563
new client:564
new client:565
new client:566
new client:567
new client:568
new client:569
new client:570
new client:571
new client:572
new client:573
new client:574
new client:575
new client:576
new client:577
new client:578
new client:579
new client:580
new client:581
new client:582
new client:583
new client:584
new client:585
new client:586
new client:587
new client:588
new client:589
new client:590
new client:591
new client:592
new client:593
new client:594
new client:595
new client:596
new client:597
new client:598
new client:599
new client:600
new client:601
new client:602
new client:603
new client:604
new client:605
new client:606
new client:607
new client:608
new client:609
new client:610
new client:611
new client:612
new client:613
new client:614
new client:615
new client:616
new client:617
new client:618
new client:619
new client:620
new client:621
new client:622
new client:623
new client:624
new client:625
new client:626
new client:627
new client:628
new client:629
new client:630
new client:631
new client:632
new client:633
new client:634
new client:635
new client:636
new client:637
new client:638
new client:639
new client:640
new client:641
new client:642
new client:643
new client:644
new client:645
new client:646
new client:647
new client:648
new client:649
new client:650
new client:651
new client:652
new client:653
new client:654
new client:655
new client:656
new client:657
new client:658
new client:659
new client:660
new client:661
new client:662
new client:663
new client:664
new client:665
new client:666
new client:667
new client:668
new client:669
new client:670
new client:671
new client:672
new client:673
new client:674
new client:675
new client:676
new client:677
new client:678
new client:679
new client:680
new client:681
new client:682
new client:683
new client:684
new client:685
new client:686
new client:687
new client:688
new client:689
new client:690
new client:691
new client:692
new client:693
new client:694
new client:695
new client:696
new client:697
new client:698
new client:699
new client:700
new client:701
new client:702
new client:703
new client:704
new client:705
new client:706
new client:707
new client:708
new client:709
new client:710
new client:711
new client:712
new client:713
new client:714
new client:715
new client:716
new client:717
new client:718
new client:719
new client:720
new client:721
new client:722
new client:723
new client:724
new client:725
new client:726
new client:727
new client:728
new client:729
new client:730
new client:731
new client:732
new client:733
new client:734
new client:735
new client:736
new client:737
new client:738
new client:739
new client:740
new client:741
new client:742
new client:743
new client:744
new client:745
new client:746
new client:747
new client:748
new client:749
new client:750
new client:751
new client:752
new client:753
new client:754
new client:755
new client:756
new client:757
new client:758
new client:759
new client:760
new client:761
new client:762
new client:763
new client:764
new client:765
new client:766
new client:767
new client:768
new client:769
new client:770
new client:771
new client:772
new client:773
new client:774
new client:775
new client:776
new client:777
new client:778
new client:779
new client:780
new client:781
new client:782
new client:783
new client:784
new client:785
new client:786
new client:787
new client:788
new client:789
new client:790
new client:791
new client:792
new client:793
new client:794
new client:795
new client:796
new client:797
new client:798
new client:799
new client:800
new client:801
new client:802
new client:803
new client:804
new client:805
new client:806
new client:807
close client
close client
close client
close client
close client
close client
close client
close client
close client
close client
close client
close client
close client
close client
close client
close client
close client
close client
close client
close client
close client
close client
close client
close client
close client
close client
close client
close client
close client
close client
close client
close client
close client
close client
close client
close client
close client
close client
close client
close client
close client
close client
close client
close client
close client
close client
close client
close client
close client
close client
close client
close client
close client
close client
close client
close client
close client
close client
close client
close client
close client
close client
close client
close client
close client
close client
close client
close client
close client
close client
close client
close client
close client
close client
close client
close client
close client
close client
close client
close client
close client
close client
close client
close client
close client
close client
close client
close client
close client
close client
close client
close client
close client
close client
close client
close client
close client
close client
close client
close client
close client
close client
close client
close client
close client
close client
close client
close client
close client
close client
close client
close client
close client
close client
close client
close client
close client
close client
close client
close client
close client
close client
close client
close client
close client
close client
close client
close client
close client
close client
close client
close client
close client
close client
close client
close client
close client
close client
close client
close client
close client
close client
close client
close client
close client
close client
close client
close client
close client
close client
close client
close client
close client
close client
close client
close client
close client
close client
close client
close client
close client
close client
close client
close client
close client
close client
close client
close client
close client
close client
close client
close client
close client
close client
close client
close client
close client
close client
close client
close client
close client
close client
close client
close client
close client
close client
close client
close client
close client
close client
close client
close client
close client
close client
close client
close client
close client
close client
close client
close client
close client
close client
close client
close client
close client
close client
close client
close client
close client
close client
close client
close client
close client
close client
close client
close client
close client
close client
close client
close client
close client
close client
close client
close client
close client
close client
close client
close client
close client
close client
close client
close client
close client
close client
close client
close client
close client
close client
close client
close client
close client
close client
close client
close client
close client
close client
close client
close client
close client
close client
close client
close client
close client
close client
close client
close client
close client
close client
close client
close client
close client
close client
close client
close client
close client
close client
close client
close client
close client
close client
close client
close client
close client
close client
close client
close client
close client
close client
close client
close client
close client
close client
close client
close client
close client
close client
close client
close client
close client
close client
close client
close client
close client
close client
close client
close client
close client
close client
close client
close client
close client
close client
close client
close client
close client
close client
close client
close client
close client
close client
close client
close client
close client
close client
close client
close client
close client
close client
close client
close client
close client
close client
close client
close client
close client
close client
close client
close client
close client
close client
close client
close client
close client
close client
close client
close client
close client
close client
close client
close client
close client
close client
close client
close client
close client
close client
close client
close client
close client
close client
close client
close client
close client
close client
close client
close client
close client
close client
close client
close client
close client
close client
close client
close client
close client
close client
close client
close client
close client
close client
close client
close client
close client
close client
close client
close client
close client
close client
close client
close client
close client
close client
close client
close client
close client
close client
close client
close client
close client
close client
close client
close client
close client
close client
close client
close client
close client
close client
close client
close client
close client
close client
close client
close client
close client
close client
close client
close client
close client
close client
close client
close client
close client
close client
close client
close client
close client
close client
close client
close client
close client
close client
close client
close client
close client
close client
close client
close client
close client
close client
close client
close client
close client
close client
close client
close client
close client
close client
close client
close client
close client
close client
close client
close client
close client
close client
close client
close client
close client
close client
close client
close client
close client
close client
close client
close client
close client
close client
close client
close client
close client
close client
close client
close client
close client
close client
close client
close client
close client
close client
close client
close client
close client
close client
close client
close client
close client
close client
close client
close client
close client
close client
close client
close client
close client
close client
close client
close client
close client
close client
close client
close client
close client
close client
close client
close client
close client
close client
close client
close client
close client
close client
close client
close client
close client
close client
close client
close client
close client
close client
close client
close client
close client
close client
close client
close client
close client
close client
close client
close client
close client
close client
close client
close client
close client
close client
close client
close client
close client
close client
close client
close client
close client
close client
close client
close client
close client
close client
close client
close client
close client
close client
close client
close client
close client
close client
close client
close client
close client
close client
close client
close client
close client
close client
close client
close client
close client
close client
close client
close client
close client
close client
close client
close client
close client
close client
close client
close client
close client
close client
close client
close client
close client
close client
close client
close client
close client
close client
close client
close client
close client
close client
close client
close client
close client
close client
close client
close client
close client
close client
close client
close client
close client
close client
close client
close client
close client
close client
close client
close client
close client
close client
close client
close client
close client
close client
close client
close client
close client
close client
close client
close client
close client
close client
close client
close client
close client
close client
close client
close client
close client
close client
close client
close client
close client
close client
close client
close client
close client
close client
close client
close client
close client
close client
close client
close client
close client
close client
close client
close client
close client
close client
close client
close client
close client
close client
close client
close client
close client
close client
close client
close client
close client
close client
close client
close client
close client
close client
close client
close client
close client
close client
close client
close client
close client
close client
close client
close client
close client
close client
close client
close client
close client
close client
close client
close client
close client
close client
close client
close client
close client
close client
close client
close client
close client
close client
close client
close client
close client
close client
close client
close client
close client
close client
close client
close client
close client
close client
close client
close client
close client
close client
close client
close client
close client
close client
close client
close client
close client
close client
close client
close client
close client
close client
close client
close client
close client
close client
close client
close client
close client
close client
close client
close client
close client
close client
close client
close client
close client
close client
close client
close client
close client
close client
close client
close client
close client
close client
close client
close client
close client
close client
close client
close client
close client
close client
close client
close client
close client
close client
close client
close client
close client
close client
close client
close client
close client
close client
close client
close client
close client
close client
close client
close client
close client
close client
close client
close client
close client
close client
close client
close client
close client
close client
close client
close client
close client
close client
close client
close client
close client
close client
close client
close client
close client
close client
close client
close client
close client
close client
close client
close client
close client
close client
close client
close client
close client
close client
close client
close client
new client:6
new client:7
new client:8
new client:9
new client:10
new client:11
new client:12
new client:13
new client:14
new client:15
new client:16
new client:17
new client:18
new client:19
new client:20
new client:21
new client:22
new client:23
new client:24
new client:26
new client:27
new client:28
new client:30
new client:31
new client:32
new client:33
new client:34
new client:35
new client:36
new client:37
new client:38
new client:39
new client:40
new client:41
new client:42
new client:43
new client:44
new client:45
new client:46
new client:47
new client:48
new client:49
new client:50
new client:51
new client:52
new client:53
new client:54
new client:55
new client:56
new client:57
new client:58
new client:59
new client:60
new client:61
new client:62
new client:63
new client:64
new client:65
new client:66
new client:67
new client:68
new client:69
new client:70
new client:71
new client:72
new client:73
new client:74
new client:75
new client:76
new client:77
new client:78
new client:79
new client:80
new client:81
new client:82
new client:83
new client:84
new client:85
new client:86
new client:87
new client:88
new client:89
new client:90
new client:91
new client:92
new client:93
new client:94
new client:95
new client:96
new client:97
new client:98
new client:99
new client:100
new client:101
new client:102
new client:103
new client:104
new client:105
new client:106
new client:107
new client:108
new client:109
new client:110
new client:111
new client:112
new client:113
new client:114
new client:115
new client:116
new client:117
new client:118
new client:119
new client:120
new client:121
new client:122
new client:123
new client:124
new client:125
new client:126
new client:127
new client:128
new client:129
new client:130
new client:131
new client:132
new client:133
new client:134
new client:135
new client:136
new client:137
new client:138
new client:139
new client:140
new client:141
new client:142
new client:143
new client:144
new client:145
new client:146
new client:147
new client:148
new client:149
new client:150
new client:151
new client:152
new client:153
new client:154
new client:155
new client:156
new client:157
new client:158
new client:159
new client:160
new client:161
new client:162
new client:163
new client:164
new client:165
new client:166
new client:167
new client:168
new client:169
new client:170
new client:171
new client:172
new client:173
new client:174
new client:175
new client:176
new client:177
new client:178
new client:179
new client:180
new client:181
new client:182
new client:183
new client:184
new client:185
new client:186
new client:187
new client:188
new client:189
new client:190
new client:191
new client:192
new client:193
new client:194
new client:195
new client:196
new client:197
new client:198
new client:199
new client:200
new client:201
new client:202
new client:203
new client:204
new client:205
new client:206
new client:207
new client:208
new client:209
new client:210
new client:211
new client:212
new client:213
new client:214
new client:215
new client:216
new client:217
new client:218
new client:219
new client:220
new client:221
new client:222
new client:223
new client:224
new client:225
new client:226
new client:227
new client:228
new client:229
new client:230
new client:231
new client:232
new client:233
new client:234
new client:235
new client:236
new client:237
new client:238
new client:239
new client:240
new client:241
new client:242
new client:243
new client:244
new client:245
new client:246
new client:247
new client:248
new client:249
new client:250
new client:251
new client:252
new client:253
new client:254
new client:255
new client:256
new client:257
new client:258
new client:259
new client:260
new client:261
new client:262
new client:263
new client:264
new client:265
new client:266
new client:267
new client:268
new client:269
new client:270
new client:271
new client:272
new client:273
new client:274
new client:275
new client:276
new client:277
new client:278
new client:279
new client:280
new client:281
new client:282
new client:283
new client:284
new client:285
new client:286
new client:287
new client:288
new client:289
new client:290
new client:291
new client:292
new client:293
new client:294
new client:295
new client:296
new client:297
new client:298
new client:299
new client:300
new client:301
new client:302
new client:303
new client:304
new client:305
new client:306
new client:307
new client:308
new client:309
new client:310
new client:311
new client:312
new client:313
new client:314
new client:315
new client:316
new client:317
new client:318
new client:319
new client:320
new client:321
new client:322
new client:323
new client:324
new client:325
new client:326
new client:327
new client:328
new client:329
new client:330
new client:331
new client:332
new client:333
new client:334
new client:335
new client:336
new client:337
new client:338
new client:339
new client:340
new client:341
new client:342
new client:343
new client:344
new client:345
new client:346
new client:347
new client:348
new client:349
new client:350
new client:351
new client:352
new client:353
new client:354
new client:355
new client:356
new client:357
new client:358
new client:359
new client:360
new client:361
new client:362
new client:363
new client:364
new client:365
new client:366
new client:367
new client:368
new client:369
new client:370
new client:371
new client:372
new client:373
new client:374
new client:375
new client:376
new client:377
new client:378
new client:379
new client:380
new client:381
new client:382
new client:383
new client:384
new client:385
new client:386
new client:387
new client:388
new client:389
new client:390
new client:391
new client:392
new client:393
new client:394
new client:395
new client:396
new client:397
new client:398
new client:399
new client:400
new client:401
new client:402
new client:403
new client:404
new client:405
new client:406
new client:407
new client:408
new client:409
new client:410
new client:411
new client:412
new client:413
new client:414
new client:415
new client:416
new client:417
new client:418
new client:419
new client:420
new client:421
new client:422
new client:423
new client:424
new client:425
new client:426
new client:427
new client:428
new client:429
new client:430
new client:431
new client:432
new client:433
new client:434
new client:435
new client:436
new client:437
new client:438
new client:439
new client:440
new client:441
new client:442
new client:443
new client:444
new client:445
new client:446
new client:447
new client:448
new client:449
new client:450
new client:451
new client:452
new client:453
new client:454
new client:455
new client:456
new client:457
new client:458
new client:459
new client:460
new client:461
new client:462
new client:463
new client:464
new client:465
new client:466
new client:467
new client:468
new client:469
new client:470
new client:471
new client:472
new client:473
new client:474
new client:475
new client:476
new client:477
new client:478
new client:479
new client:480
new client:481
new client:482
new client:483
new client:484
new client:485
new client:486
new client:487
new client:488
new client:489
new client:490
new client:491
new client:492
new client:493
new client:494
new client:495
new client:496
new client:497
new client:498
new client:499
new client:500
new client:501
new client:502
new client:503
new client:504
new client:505
new client:506
new client:507
new client:508
new client:509
new client:510
new client:511
new client:512
new client:513
new client:514
new client:515
new client:516
new client:517
new client:518
new client:519
new client:520
new client:521
new client:522
new client:523
new client:524
new client:525
new client:526
new client:527
new client:528
new client:529
new client:530
new client:531
new client:532
new client:533
new client:534
new client:535
new client:536
new client:537
new client:538
new client:539
new client:540
new client:541
new client:542
new client:543
new client:544
new client:545
new client:546
new client:547
new client:548
new client:549
new client:550
new client:551
new client:552
new client:553
new client:554
new client:555
new client:556
new client:557
new client:558
new client:559
new client:560
new client:561
new client:562
new client:563
new client:564
new client:565
new client:566
new client:567
new client:568
new client:569
new client:570
new client:571
new client:572
new client:573
new client:574
new client:575
new client:576
new client:577
new client:578
new client:579
new client:580
new client:581
new client:582
new client:583
new client:584
new client:585
new client:586
new client:587
new client:588
new client:589
new client:590
new client:591
new client:592
new client:593
new client:594
new client:595
new client:596
new client:597
new client:598
new client:599
new client:600
new client:601
new client:602
new client:603
new client:604
new client:605
new client:606
new client:607
new client:608
new client:609
new client:610
new client:611
new client:612
new client:613
new client:614
new client:615
new client:616
new client:617
new client:618
new client:619
new client:620
new client:621
new client:622
new client:623
new client:624
new client:625
new client:626
new client:627
new client:628
new client:629
new client:630
new client:631
new client:632
new client:633
new client:634
new client:635
new client:636
new client:637
new client:638
new client:639
new client:640
new client:641
new client:642
new client:643
new client:644
new client:645
new client:646
new client:647
new client:648
new client:649
new client:650
new client:651
new client:652
new client:653
new client:654
new client:655
new client:656
new client:657
new client:658
new client:659
new client:660
new client:661
new client:662
new client:663
new client:664
new client:665
new client:666
new client:667
new client:668
new client:669
new client:670
new client:671
new client:672
new client:673
new client:674
new client:675
new client:676
new client:677
new client:678
new client:679
new client:680
new client:681
new client:682
new client:683
new client:684
new client:685
new client:686
new client:687
new client:688
new client:689
new client:690
new client:691
new client:692
new client:693
new client:694
new client:695
new client:696
new client:697
new client:698
new client:699
new client:700
new client:701
new client:702
new client:703
new client:704
new client:705
new client:706
new client:707
new client:708
new client:709
new client:710
new client:711
new client:712
new client:713
new client:714
new client:715
new client:716
new client:717
new client:718
new client:719
new client:720
new client:721
new client:722
new client:723
new client:724
new client:725
new client:726
new client:727
new client:728
new client:729
new client:730
new client:731
new client:732
new client:733
new client:734
new client:735
new client:736
new client:737
new client:738
new client:739
new client:740
new client:741
new client:742
new client:743
new client:744
new client:745
new client:746
new client:747
new client:748
new client:749
new client:750
new client:751
new client:752
new client:753
new client:754
new client:755
new client:756
new client:757
new client:758
new client:759
new client:760
new client:761
new client:762
new client:763
new client:764
new client:765
new client:766
new client:767
new client:768
new client:769
new client:770
new client:771
new client:772
new client:773
new client:774
new client:775
new client:776
new client:777
new client:778
new client:779
new client:780
new client:781
new client:782
new client:783
new client:784
new client:785
new client:786
new client:787
new client:788
new client:789
new client:790
new client:791
new client:792
new client:793
new client:794
new client:795
new client:796
new client:797
new client:798
new client:799
new client:800
new client:801
new client:802
new client:803
new client:804
new client:805
new client:806
new client:807
new client:808
new client:809
new client:810
new client:811
new client:812
new client:813
new client:814
new client:815
new client:816
new client:817
new client:818
new client:819
new client:820
new client:821
new client:822
new client:823
new client:824
new client:825
new client:826
new client:827
new client:828
new client:829
new client:830
new client:831
new client:832
new client:833
new client:834
new client:835
new client:836
new client:837
new client:838
new client:839
new client:840
new client:841
new client:842
new client:843
new client:844
new client:845
new client:846
new client:847
new client:848
new client:849
new client:850
new client:851
new client:852
new client:853
new client:854
new client:855
new client:856
new client:857
new client:858
new client:859
new client:860
new client:861
new client:862
new client:863
new client:864
new client:865
new client:866
new client:867
new client:868
new client:869
new client:870
new client:871
new client:872
new client:873
new client:874
new client:875
new client:876
new client:877
new client:878
new client:879
new client:880
new client:881
new client:882
new client:883
new client:884
new client:885
new client:886
new client:887
new client:888
new client:889
new client:890
new client:891
new client:892
new client:893
new client:894
new client:895
new client:896
new client:897
new client:898
new client:899
new client:900
new client:901
new client:902
new client:903
new client:904
new client:905
new client:906
new client:907
new client:908
new client:909
new client:910
new client:911
new client:912
new client:913
new client:914
new client:915
new client:916
new client:917
new client:918
new client:919
new client:920
new client:921
new client:922
new client:923
new client:924
new client:925
new client:926
new client:927
new client:928
new client:929
new client:930
new client:931
new client:932
new client:933
new client:934
new client:935
new client:936
new client:937
new client:938
new client:939
new client:940
new client:941
new client:942
new client:943
new client:944
new client:945
new client:946
new client:947
new client:948
new client:949
new client:950
new client:951
new client:952
new client:953
new client:954
new client:955
new client:956
new client:957
new client:958
new client:959
new client:960
new client:961
new client:962
new client:963
new client:964
new client:965
new client:966
new client:967
new client:968
new client:969
new client:970
new client:971
new client:972
new client:973
new client:974
new client:975
new client:976
new client:977
new client:978
new client:979
new client:980
new client:981
new client:982
new client:983
new client:984
new client:985
new client:986
new client:987
new client:988
new client:989
new client:990
new client:991
new client:992
new client:993
new client:994
new client:995
new client:996
new client:997
new client:998
new client:999
new client:1000
new client:1001
new client:1002
new client:1003
new client:1004
new client:1005
new client:1006
new client:1007
close client
close client
close client
close client
close client
close client
close client
close client
close client
close client
close client
close client
close client
close client
close client
close client
close client
close client
close client
close client
close client
close client
close client
close client
close client
close client
close client
close client
close client
close client
close client
close client
close client
close client
close client
close client
close client
close client
close client
close client
close client
close client
close client
close client
close client
close client
close client
close client
close client
close client
close client
close client
close client
close client
close client
close client
close client
close client
close client
close client
close client
close client
close client
close client
close client
close client
close client
close client
close client
close client
close client
close client
close client
close client
close client
close client
close client
close client
close client
close client
close client
close client
close client
close client
close client
close client
close client
close client
close client
close client
close client
close client
close client
close client
close client
close client
close client
close client
close client
close client
close client
close client
close client
close client
close client
close client
close client
close client
close client
close client
close client
close client
close client
close client
close client
close client
close client
close client
close client
close client
close client
close client
close client
close client
close client
close client
close client
close client
close client
close client
close client
close client
close client
close client
close client
close client
close client
close client
close client
close client
close client
close client
close client
close client
close client
close client
close client
close client
close client
close client
close client
close client
close client
close client
close client
close client
close client
close client
close client
close client
close client
close client
close client
close client
close client
close client
close client
close client
close client
close client
close client
close client
close client
close client
close client
close client
close client
close client
close client
close client
close client
close client
close client
close client
close client
close client
close client
close client
close client
close client
close client
close client
close client
close client
close client
close client
close client
close client
close client
close client
close client
close client
close client
close client
close client
close client
close client
close client
close client
close client
close client
close client
close client
close client
close client
close client
close client
close client
close client
close client
close client
close client
close client
close client
close client
close client
close client
close client
close client
close client
close client
close client
close client
close client
close client
close client
close client
close client
close client
close client
close client
close client
close client
close client
close client
close client
close client
close client
close client
close client
close client
close client
close client
close client
close client
close client
close client
close client
close client
close client
close client
close client
close client
close client
close client
close client
close client
close client
close client
close client
close client
close client
close client
close client
close client
close client
close client
close client
close client
close client
close client
close client
close client
close client
close client
close client
close client
close client
close client
close client
close client
close client
close client
close client
close client
close client
close client
close client
close client
close client
close client
close client
close client
close client
close client
close client
close client
close client
close client
close client
close client
close client
close client
close client
close client
close client
close client
close client
close client
close client
close client
close client
close client
close client
close client
close client
close client
close client
close client
close client
close client
close client
close client
close client
close client
close client
close client
close client
close client
close client
close client
close client
close client
close client
close client
close client
close client
close client
close client
close client
close client
close client
close client
close client
close client
close client
close client
close client
close client
close client
close client
close client
close client
close client
close client
close client
close client
close client
close client
close client
close client
close client
close client
close client
close client
close client
close client
close client
close client
close client
close client
close client
close client
close client
close client
close client
close client
close client
close client
close client
close client
close client
close client
close client
close client
close client
close client
close client
close client
close client
close client
close client
close client
close client
close client
close client
close client
close client
close client
close client
close client
close client
close client
close client
close client
close client
close client
close client
close client
close client
close client
close client
close client
close client
close client
close client
close client
close client
close client
close client
close client
close client
close client
close client
close client
close client
close client
close client
close client
close client
close client
close client
close client
close client
close client
close client
close client
close client
close client
close client
close client
close client
close client
close client
close client
close client
close client
close client
close client
close client
close client
close client
close client
close client
close client
close client
close client
close client
close client
close client
close client
close client
close client
close client
close client
close client
close client
close client
close client
close client
close client
close client
close client
close client
close client
close client
close client
close client
close client
close client
close client
close client
close client
close client
close client
close client
close client
close client
close client
close client
close client
close client
close client
close client
close client
close client
close client
close client
close client
close client
close client
close client
close client
close client
close client
close client
close client
close client
close client
close client
close client
close client
close client
close client
close client
close client
close client
close client
close client
close client
close client
close client
close client
close client
close client
close client
close client
close client
close client
close client
close client
close client
close client
close client
close client
close client
close client
close client
close client
close client
close client
close client
close client
close client
close client
close client
close client
close client
close client
close client
close client
close client
close client
close client
close client
close client
close client
close client
close client
close client
close client
close client
close client
close client
close client
close client
close client
close client
close client
close client
close client
close client
close client
close client
close client
close client
close client
close client
close client
close client
close client
close client
close client
close client
close client
close client
close client
close client
close client
close client
close client
close client
close client
close client
close client
close client
close client
close client
close client
close client
close client
close client
close client
close client
close client
close client
close client
close client
close client
close client
close client
close client
close client
close client
close client
close client
close client
close client
close client
close client
close client
close client
close client
close client
close client
close client
close client
close client
close client
close client
close client
close client
close client
close client
close client
close client
close client
close client
close client
close client
close client
close client
close client
close client
close client
close client
close client
close client
close client
close client
close client
close client
close client
close client
close client
close client
close client
close client
close client
close client
close client
close client
close client
close client
close client
close client
close client
close client
close client
close client
close client
close client
close client
close client
close client
close client
close client
close client
close client
close client
close client
close client
close client
close client
close client
close client
close client
close client
close client
close client
close client
close client
close client
close client
close client
close client
close client
close client
close client
close client
close client
close client
close client
close client
close client
close client
close client
close client
close client
close client
close client
close client
close client
close client
close client
close client
close client
close client
close client
close client
close client
close client
close client
close client
close client
close client
close client
close client
close client
close client
close client
close client
close client
close client
close client
close client
close client
close client
close client
close client
close client
close client
close client
close client
close client
close client
close client
close client
close client
close client
close client
close client
close client
close client
close client
close client
close client
close client
close client
close client
close client
close client
close client
close client
close client
close client
close client
close client
close client
close client
close client
close client
close client
close client
close client
close client
close client
close client
close client
close client
close client
close client
close client
close client
close client
close client
close client
close client
close client
close client
close client
close client
close client
close client
close client
close client
close client
close client
close client
close client
close client
close client
close client
close client
close client
close client
close client
close client
close client
close client
close client
close client
close client
close client
close client
close client
close client
close client
close client
close client
close client
close client
close client
close client
close client
close client
close client
close client
close client
close client
close client
close client
close client
close client
close client
close client
close client
close client
close client
close client
close client
close client
close client
close client
close client
close client
close client
close client
close client
close client
close client
close client
close client
close client
close client
close client
close client
close client
close client
close client
close client
close client
close client
close client
close client
close client
close client
close client
close client
close client
close client
close client
close client
close client
close client
close client
close client
close client
close client
close client
close client
close client
close client
close client
close client
close client
close client
close client
close client
close client
close client
close client
close client
close client
close client
close client
close client
close client
close client
close client
close client
close client
close client
close client
close client
close client
close client
close client
close client
close client
close client
close client
close client
close client
close client
close client
close client
close client
close client
close client
close client
close client
close client
close client
close client
close client
close client
close client
close client
close client
close client
close client
close client
close client
close client
close client
close client
close client
close client
close client
close client
close client
close client
close client
close client
close client
close client
close client
close client
close client
close client
close client
close client
close client
close client
close client
close client
close client
close client
close client
close client
close client
close client
close client
close client
close client
close client
close client
close client
close client
close client
close client
close client
close client
close client
close client
close client
close client
close client
close client
close client
close client
close client
close client
close client
close client
close client
close client
close client
close client
new client:6
new client:7
new client:8
new client:9
new client:10
new client:11
new client:12
new client:13
new client:14
new client:15
new client:16
new client:17
new client:18
new client:19
new client:20
new client:21
new client:22
new client:23
new client:24
new client:26
new client:27
new client:28
new client:30
new client:31
new client:32
new client:33
new client:34
new client:35
new client:36
new client:37
new client:38
new client:39
new client:40
new client:41
new client:42
new client:43
new client:44
new client:45
new client:46
new client:47
new client:48
new client:49
new client:50
new client:51
new client:52
new client:53
new client:54
new client:55
new client:56
new client:57
new client:58
new client:59
new client:60
new client:61
new client:62
new client:63
new client:64
new client:65
new client:66
new client:67
new client:68
new client:69
new client:70
new client:71
new client:72
new client:73
new client:74
new client:75
new client:76
new client:77
new client:78
new client:79
new client:80
new client:81
new client:82
new client:83
new client:84
new client:85
new client:86
new client:87
new client:88
new client:89
new client:90
new client:91
new client:92
new client:93
new client:94
new client:95
new client:96
new client:97
new client:98
new client:99
new client:100
new client:101
new client:102
new client:103
new client:104
new client:105
new client:106
new client:107
new client:108
new client:109
new client:110
new client:111
new client:112
new client:113
new client:114
new client:115
new client:116
new client:117
new client:118
new client:119
new client:120
new client:121
new client:122
new client:123
new client:124
new client:125
new client:126
new client:127
new client:128
new client:129
new client:130
new client:131
new client:132
new client:133
new client:134
new client:135
new client:136
new client:137
new client:138
new client:139
new client:140
new client:141
new client:142
new client:143
new client:144
new client:145
new client:146
new client:147
new client:148
new client:149
new client:150
new client:151
new client:152
new client:153
new client:154
new client:155
new client:156
new client:157
new client:158
new client:159
new client:160
new client:161
new client:162
new client:163
new client:164
new client:165
new client:166
new client:167
new client:168
new client:169
new client:170
new client:171
new client:172
new client:173
new client:174
new client:175
new client:176
new client:177
new client:178
new client:179
new client:180
new client:181
new client:182
new client:183
new client:184
new client:185
new client:186
new client:187
new client:188
new client:189
new client:190
new client:191
new client:192
new client:193
new client:194
new client:195
new client:196
new client:197
new client:198
new client:199
new client:200
new client:201
new client:202
new client:203
new client:204
new client:205
new client:206
new client:207
new client:208
new client:209
new client:210
new client:211
new client:212
new client:213
new client:214
new client:215
new client:216
new client:217
new client:218
new client:219
new client:220
new client:221
new client:222
new client:223
new client:224
new client:225
new client:226
new client:227
new client:228
new client:229
new client:230
new client:231
new client:232
new client:233
new client:234
new client:235
new client:236
new client:237
new client:238
new client:239
new client:240
new client:241
new client:242
new client:243
new client:244
new client:245
new client:246
new client:247
new client:248
new client:249
new client:250
new client:251
new client:252
new client:253
new client:254
new client:255
new client:256
new client:257
new client:258
new client:259
new client:260
new client:261
new client:262
new client:263
new client:264
new client:265
new client:266
new client:267
new client:268
new client:269
new client:270
new client:271
new client:272
new client:273
new client:274
new client:275
new client:276
new client:277
new client:278
new client:279
new client:280
new client:281
new client:282
new client:283
new client:284
new client:285
new client:286
new client:287
new client:288
new client:289
new client:290
new client:291
new client:292
new client:293
new client:294
new client:295
new client:296
new client:297
new client:298
new client:299
new client:300
new client:301
new client:302
new client:303
new client:304
new client:305
new client:306
new client:307
new client:308
new client:309
new client:310
new client:311
new client:312
new client:313
new client:314
new client:315
new client:316
new client:317
new client:318
new client:319
new client:320
new client:321
new client:322
new client:323
new client:324
new client:325
new client:326
new client:327
new client:328
new client:329
new client:330
new client:331
new client:332
new client:333
new client:334
new client:335
new client:336
new client:337
new client:338
new client:339
new client:340
new client:341
new client:342
new client:343
new client:344
new client:345
new client:346
new client:347
new client:348
new client:349
new client:350
new client:351
new client:352
new client:353
new client:354
new client:355
new client:356
new client:357
new client:358
new client:359
new client:360
new client:361
new client:362
new client:363
new client:364
new client:365
new client:366
new client:367
new client:368
new client:369
new client:370
new client:371
new client:372
new client:373
new client:374
new client:375
new client:376
new client:377
new client:378
new client:379
new client:380
new client:381
new client:382
new client:383
new client:384
new client:385
new client:386
new client:387
new client:388
new client:389
new client:390
new client:391
new client:392
new client:393
new client:394
new client:395
new client:396
new client:397
new client:398
new client:399
new client:400
new client:401
new client:402
new client:403
new client:404
new client:405
new client:406
new client:407
new client:408
new client:409
new client:410
new client:411
new client:412
new client:413
new client:414
new client:415
new client:416
new client:417
new client:418
new client:419
new client:420
new client:421
new client:422
new client:423
new client:424
new client:425
new client:426
new client:427
new client:428
new client:429
new client:430
new client:431
new client:432
new client:433
new client:434
new client:435
new client:436
new client:437
new client:438
new client:439
new client:440
new client:441
new client:442
new client:443
new client:444
new client:445
new client:446
new client:447
new client:448
new client:449
new client:450
new client:451
new client:452
new client:453
new client:454
new client:455
new client:456
new client:457
new client:458
new client:459
new client:460
new client:461
new client:462
new client:463
new client:464
new client:465
new client:466
new client:467
new client:468
new client:469
new client:470
new client:471
new client:472
new client:473
new client:474
new client:475
new client:476
new client:477
new client:478
new client:479
new client:480
new client:481
new client:482
new client:483
new client:484
new client:485
new client:486
new client:487
new client:488
new client:489
new client:490
new client:491
new client:492
new client:493
new client:494
new client:495
new client:496
new client:497
new client:498
new client:499
new client:500
new client:501
new client:502
new client:503
new client:504
new client:505
new client:506
new client:507
new client:508
new client:509
new client:510
new client:511
new client:512
new client:513
new client:514
new client:515
new client:516
new client:517
new client:518
new client:519
new client:520
new client:521
new client:522
new client:523
new client:524
new client:525
new client:526
new client:527
new client:528
new client:529
new client:530
new client:531
new client:532
new client:533
new client:534
new client:535
new client:536
new client:537
new client:538
new client:539
new client:540
new client:541
new client:542
new client:543
new client:544
new client:545
new client:546
new client:547
new client:548
new client:549
new client:550
new client:551
new client:552
new client:553
new client:554
new client:555
new client:556
new client:557
new client:558
new client:559
new client:560
new client:561
new client:562
new client:563
new client:564
new client:565
new client:566
new client:567
new client:568
new client:569
new client:570
new client:571
new client:572
new client:573
new client:574
new client:575
new client:576
new client:577
new client:578
new client:579
new client:580
new client:581
new client:582
new client:583
new client:584
new client:585
new client:586
new client:587
new client:588
new client:589
new client:590
new client:591
new client:592
new client:593
new client:594
new client:595
new client:596
new client:597
new client:598
new client:599
new client:600
new client:601
new client:602
new client:603
new client:604
new client:605
new client:606
new client:607
new client:608
new client:609
new client:610
new client:611
new client:612
new client:613
new client:614
new client:615
new client:616
new client:617
new client:618
new client:619
new client:620
new client:621
new client:622
new client:623
new client:624
new client:625
new client:626
new client:627
new client:628
new client:629
new client:630
new client:631
new client:632
new client:633
new client:634
new client:635
new client:636
new client:637
new client:638
new client:639
new client:640
new client:641
new client:642
new client:643
new client:644
new client:645
new client:646
new client:647
new client:648
new client:649
new client:650
new client:651
new client:652
new client:653
new client:654
new client:655
new client:656
new client:657
new client:658
new client:659
new client:660
new client:661
new client:662
new client:663
new client:664
new client:665
new client:666
new client:667
new client:668
new client:669
new client:670
new client:671
new client:672
new client:673
new client:674
new client:675
new client:676
new client:677
new client:678
new client:679
new client:680
new client:681
new client:682
new client:683
new client:684
new client:685
new client:686
new client:687
new client:688
new client:689
new client:690
new client:691
new client:692
new client:693
new client:694
new client:695
new client:696
new client:697
new client:698
new client:699
new client:700
new client:701
new client:702
new client:703
new client:704
new client:705
new client:706
new client:707
new client:708
new client:709
new client:710
new client:711
new client:712
new client:713
new client:714
new client:715
new client:716
new client:717
new client:718
new client:719
new client:720
new client:721
new client:722
new client:723
new client:724
new client:725
new client:726
new client:727
new client:728
new client:729
new client:730
new client:731
new client:732
new client:733
new client:734
new client:735
new client:736
new client:737
new client:738
new client:739
new client:740
new client:741
new client:742
new client:743
new client:744
new client:745
new client:746
new client:747
new client:748
new client:749
new client:750
new client:751
new client:752
new client:753
new client:754
new client:755
new client:756
new client:757
new client:758
new client:759
new client:760
new client:761
new client:762
new client:763
new client:764
new client:765
new client:766
new client:767
new client:768
new client:769
new client:770
new client:771
new client:772
new client:773
new client:774
new client:775
new client:776
new client:777
new client:778
new client:779
new client:780
new client:781
new client:782
new client:783
new client:784
new client:785
new client:786
new client:787
new client:788
new client:789
new client:790
new client:791
new client:792
new client:793
new client:794
new client:795
new client:796
new client:797
new client:798
new client:799
new client:800
new client:801
new client:802
new client:803
new client:804
new client:805
new client:806
new client:807
new client:808
new client:809
new client:810
new client:811
new client:812
new client:813
new client:814
new client:815
new client:816
new client:817
new client:818
new client:819
new client:820
new client:821
new client:822
new client:823
new client:824
new client:825
new client:826
new client:827
new client:828
new client:829
new client:830
new client:831
new client:832
new client:833
new client:834
new client:835
new client:836
new client:837
new client:838
new client:839
new client:840
new client:841
new client:842
new client:843
new client:844
new client:845
new client:846
new client:847
new client:848
new client:849
new client:850
new client:851
new client:852
new client:853
new client:854
new client:855
new client:856
new client:857
new client:858
new client:859
new client:860
new client:861
new client:862
new client:863
new client:864
new client:865
new client:866
new client:867
new client:868
new client:869
new client:870
new client:871
new client:872
new client:873
new client:874
new client:875
new client:876
new client:877
new client:878
new client:879
new client:880
new client:881
new client:882
new client:883
new client:884
new client:885
new client:886
new client:887
new client:888
new client:889
new client:890
new client:891
new client:892
new client:893
new client:894
new client:895
new client:896
new client:897
new client:898
new client:899
new client:900
new client:901
new client:902
new client:903
new client:904
new client:905
new client:906
new client:907
new client:908
new client:909
new client:910
new client:911
new client:912
new client:913
new client:914
new client:915
new client:916
new client:917
new client:918
new client:919
new client:920
new client:921
new client:922
new client:923
new client:924
new client:925
new client:926
new client:927
new client:928
new client:929
new client:930
new client:931
new client:932
new client:933
new client:934
new client:935
new client:936
new client:937
new client:938
new client:939
new client:940
new client:941
new client:942
new client:943
new client:944
new client:945
new client:946
new client:947
new client:948
new client:949
new client:950
new client:951
new client:952
new client:953
new client:954
new client:955
new client:956
new client:957
new client:958
new client:959
new client:960
new client:961
new client:962
new client:963
new client:964
new client:965
new client:966
new client:967
new client:968
new client:969
new client:970
new client:971
new client:972
new client:973
new client:974
new client:975
new client:976
new client:977
new client:978
new client:979
new client:980
new client:981
new client:982
new client:983
new client:984
new client:985
new client:986
new client:987
new client:988
new client:989
new client:990
new client:991
new client:992
new client:993
new client:994
new client:995
new client:996
new client:997
new client:998
new client:999
new client:1000
new client:1001
new client:1002
new client:1003
new client:1004
new client:1005
new client:1006
new client:1007
new client:1008
new client:1009
new client:1010
new client:1011
new client:1012
new client:1013
new client:1014
new client:1015
new client:1016
new client:1017
new client:1018
new client:1019
new client:1020
new client:1021
new client:1022
new client:1023
new client:1024
new client:1025
new client:1026
new client:1027
new client:1028
new client:1029
new client:1030
new client:1031
new client:1032
new client:1033
new client:1034
new client:1035
new client:1036
new client:1037
new client:1038
new client:1039
new client:1040
new client:1041
new client:1042
new client:1043
new client:1044
new client:1045
new client:1046
new client:1047
new client:1048
new client:1049
new client:1050
new client:1051
new client:1052
new client:1053
new client:1054
new client:1055
new client:1056
new client:1057
new client:1058
new client:1059
new client:1060
new client:1061
new client:1062
new client:1063
new client:1064
new client:1065
new client:1066
new client:1067
new client:1068
new client:1069
new client:1070
new client:1071
new client:1072
new client:1073
new client:1074
new client:1075
new client:1076
new client:1077
new client:1078
new client:1079
new client:1080
new client:1081
new client:1082
new client:1083
new client:1084
new client:1085
new client:1086
new client:1087
new client:1088
new client:1089
new client:1090
new client:1091
new client:1092
new client:1093
new client:1094
new client:1095
new client:1096
new client:1097
new client:1098
new client:1099
new client:1100
new client:1101
new client:1102
new client:1103
new client:1104
new client:1105
new client:1106
new client:1107
new client:1108
new client:1109
new client:1110
new client:1111
new client:1112
new client:1113
new client:1114
new client:1115
new client:1116
new client:1117
new client:1118
new client:1119
new client:1120
new client:1121
new client:1122
new client:1123
new client:1124
new client:1125
new client:1126
new client:1127
new client:1128
new client:1129
new client:1130
new client:1131
new client:1132
new client:1133
new client:1134
new client:1135
new client:1136
new client:1137
new client:1138
new client:1139
new client:1140
new client:1141
new client:1142
new client:1143
new client:1144
new client:1145
new client:1146
new client:1147
new client:1148
new client:1149
new client:1150
new client:1151
new client:1152
new client:1153
new client:1154
new client:1155
new client:1156
new client:1157
new client:1158
new client:1159
new client:1160
new client:1161
new client:1162
new client:1163
new client:1164
new client:1165
new client:1166
new client:1167
new client:1168
new client:1169
new client:1170
new client:1171
new client:1172
new client:1173
new client:1174
new client:1175
new client:1176
new client:1177
new client:1178
new client:1179
new client:1180
new client:1181
new client:1182
new client:1183
new client:1184
new client:1185
new client:1186
new client:1187
new client:1188
new client:1189
new client:1190
new client:1191
new client:1192
new client:1193
new client:1194
new client:1195
new client:1196
new client:1197
new client:1198
new client:1199
new client:1200
new client:1201
new client:1202
new client:1203
new client:1204
new client:1205
new client:1206
new client:1207
new client:1208
new client:1209
new client:1210
new client:1211
new client:1212
new client:1213
new client:1214
new client:1215
new client:1216
new client:1217
new client:1218
new client:1219
new client:1220
new client:1221
new client:1222
new client:1223
new client:1224
new client:1225
new client:1226
new client:1227
new client:1228
new client:1229
new client:1230
new client:1231
new client:1232
new client:1233
new client:1234
new client:1235
new client:1236
new client:1237
new client:1238
new client:1239
new client:1240
new client:1241
new client:1242
new client:1243
new client:1244
new client:1245
new client:1246
new client:1247
new client:1248
new client:1249
new client:1250
new client:1251
new client:1252
new client:1253
new client:1254
new client:1255
new client:1256
new client:1257
new client:1258
new client:1259
new client:1260
new client:1261
new client:1262
new client:1263
new client:1264
new client:1265
new client:1266
new client:1267
new client:1268
new client:1269
new client:1270
new client:1271
new client:1272
new client:1273
new client:1274
new client:1275
new client:1276
new client:1277
new client:1278
new client:1279
new client:1280
new client:1281
new client:1282
new client:1283
new client:1284
new client:1285
new client:1286
new client:1287
new client:1288
new client:1289
new client:1290
new client:1291
new client:1292
new client:1293
new client:1294
new client:1295
new client:1296
new client:1297
new client:1298
new client:1299
new client:1300
new client:1301
new client:1302
new client:1303
new client:1304
new client:1305
new client:1306
new client:1307
new client:1308
new client:1309
new client:1310
new client:1311
new client:1312
new client:1313
new client:1314
new client:1315
new client:1316
new client:1317
new client:1318
new client:1319
new client:1320
new client:1321
new client:1322
new client:1323
new client:1324
new client:1325
new client:1326
new client:1327
new client:1328
new client:1329
new client:1330
new client:1331
new client:1332
new client:1333
new client:1334
new client:1335
new client:1336
new client:1337
new client:1338
new client:1339
new client:1340
new client:1341
new client:1342
new client:1343
new client:1344
new client:1345
new client:1346
new client:1347
new client:1348
new client:1349
new client:1350
new client:1351
new client:1352
new client:1353
new client:1354
new client:1355
new client:1356
new client:1357
new client:1358
new client:1359
new client:1360
new client:1361
new client:1362
new client:1363
new client:1364
new client:1365
new client:1366
new client:1367
new client:1368
new client:1369
new client:1370
new client:1371
new client:1372
new client:1373
new client:1374
new client:1375
new client:1376
new client:1377
new client:1378
new client:1379
new client:1380
new client:1381
new client:1382
new client:1383
new client:1384
new client:1385
new client:1386
new client:1387
new client:1388
new client:1389
new client:1390
new client:1391
new client:1392
new client:1393
new client:1394
new client:1395
new client:1396
new client:1397
new client:1398
new client:1399
new client:1400
new client:1401
new client:1402
new client:1403
new client:1404
new client:1405
new client:1406
new client:1407
new client:1408
new client:1409
new client:1410
new client:1411
new client:1412
new client:1413
new client:1414
new client:1415
new client:1416
new client:1417
new client:1418
new client:1419
new client:1420
new client:1421
new client:1422
new client:1423
new client:1424
new client:1425
new client:1426
new client:1427
new client:1428
new client:1429
new client:1430
new client:1431
new client:1432
new client:1433
new client:1434
new client:1435
new client:1436
new client:1437
new client:1438
new client:1439
new client:1440
new client:1441
new client:1442
new client:1443
new client:1444
new client:1445
new client:1446
new client:1447
new client:1448
new client:1449
new client:1450
new client:1451
new client:1452
new client:1453
new client:1454
new client:1455
new client:1456
new client:1457
new client:1458
new client:1459
new client:1460
new client:1461
new client:1462
new client:1463
new client:1464
new client:1465
new client:1466
new client:1467
new client:1468
new client:1469
new client:1470
new client:1471
new client:1472
new client:1473
new client:1474
new client:1475
new client:1476
new client:1477
new client:1478
new client:1479
new client:1480
new client:1481
new client:1482
new client:1483
new client:1484
new client:1485
new client:1486
new client:1487
new client:1488
new client:1489
new client:1490
new client:1491
new client:1492
new client:1493
new client:1494
new client:1495
new client:1496
new client:1497
new client:1498
new client:1499
new client:1500
new client:1501
new client:1502
new client:1503
new client:1504
new client:1505
new client:1506
new client:1507
new client:1508
new client:1509
new client:1510
new client:1511
new client:1512
new client:1513
new client:1514
new client:1515
new client:1516
new client:1517
new client:1518
new client:1519
new client:1520
new client:1521
new client:1522
new client:1523
new client:1524
new client:1525
new client:1526
new client:1527
new client:1528
new client:1529
new client:1530
new client:1531
new client:1532
new client:1533
new client:1534
new client:1535
new client:1536
new client:1537
new client:1538
new client:1539
new client:1540
new client:1541
new client:1542
new client:1543
new client:1544
new client:1545
new client:1546
new client:1547
new client:1548
new client:1549
new client:1550
new client:1551
new client:1552
new client:1553
new client:1554
new client:1555
new client:1556
new client:1557
new client:1558
new client:1559
new client:1560
new client:1561
new client:1562
new client:1563
new client:1564
new client:1565
new client:1566
new client:1567
new client:1568
new client:1569
new client:1570
new client:1571
new client:1572
new client:1573
new client:1574
new client:1575
new client:1576
new client:1577
new client:1578
new client:1579
new client:1580
new client:1581
new client:1582
new client:1583
new client:1584
new client:1585
new client:1586
new client:1587
new client:1588
new client:1589
new client:1590
new client:1591
new client:1592
new client:1593
new client:1594
new client:1595
new client:1596
new client:1597
new client:1598
new client:1599
new client:1600
new client:1601
new client:1602
new client:1603
new client:1604
new client:1605
new client:1606
new client:1607
new client:1608
new client:1609
new client:1610
new client:1611
new client:1612
new client:1613
new client:1614
new client:1615
new client:1616
new client:1617
new client:1618
new client:1619
new client:1620
new client:1621
new client:1622
new client:1623
new client:1624
new client:1625
new client:1626
new client:1627
new client:1628
new client:1629
new client:1630
new client:1631
new client:1632
new client:1633
new client:1634
new client:1635
new client:1636
new client:1637
new client:1638
new client:1639
new client:1640
new client:1641
new client:1642
new client:1643
new client:1644
new client:1645
new client:1646
new client:1647
new client:1648
new client:1649
new client:1650
new client:1651
new client:1652
new client:1653
new client:1654
new client:1655
new client:1656
new client:1657
new client:1658
new client:1659
new client:1660
new client:1661
new client:1662
new client:1663
new client:1664
new client:1665
new client:1666
new client:1667
new client:1668
new client:1669
new client:1670
new client:1671
new client:1672
new client:1673
new client:1674
new client:1675
new client:1676
new client:1677
new client:1678
new client:1679
new client:1680
new client:1681
new client:1682
new client:1683
new client:1684
new client:1685
new client:1686
new client:1687
new client:1688
new client:1689
new client:1690
new client:1691
new client:1692
new client:1693
new client:1694
new client:1695
new client:1696
new client:1697
new client:1698
new client:1699
new client:1700
new client:1701
new client:1702
new client:1703
new client:1704
new client:1705
new client:1706
new client:1707
new client:1708
new client:1709
new client:1710
new client:1711
new client:1712
new client:1713
new client:1714
new client:1715
new client:1716
new client:1717
new client:1718
new client:1719
new client:1720
new client:1721
new client:1722
new client:1723
new client:1724
new client:1725
new client:1726
new client:1727
new client:1728
new client:1729
new client:1730
new client:1731
new client:1732
new client:1733
new client:1734
new client:1735
new client:1736
new client:1737
new client:1738
new client:1739
new client:1740
new client:1741
new client:1742
new client:1743
new client:1744
new client:1745
new client:1746
new client:1747
new client:1748
new client:1749
new client:1750
new client:1751
new client:1752
new client:1753
new client:1754
new client:1755
new client:1756
new client:1757
new client:1758
new client:1759
new client:1760
new client:1761
new client:1762
new client:1763
new client:1764
new client:1765
new client:1766
new client:1767
new client:1768
new client:1769
new client:1770
new client:1771
new client:1772
new client:1773
new client:1774
new client:1775
new client:1776
new client:1777
new client:1778
new client:1779
new client:1780
new client:1781
new client:1782
new client:1783
new client:1784
new client:1785
new client:1786
new client:1787
new client:1788
new client:1789
new client:1790
new client:1791
new client:1792
new client:1793
new client:1794
new client:1795
new client:1796
new client:1797
new client:1798
new client:1799
new client:1800
new client:1801
new client:1802
new client:1803
new client:1804
new client:1805
new client:1806
new client:1807
new client:1808
new client:1809
new client:1810
new client:1811
new client:1812
new client:1813
new client:1814
new client:1815
new client:1816
new client:1817
new client:1818
new client:1819
new client:1820
new client:1821
new client:1822
new client:1823
new client:1824
new client:1825
new client:1826
new client:1827
new client:1828
new client:1829
new client:1830
new client:1831
new client:1832
new client:1833
new client:1834
new client:1835
new client:1836
new client:1837
new client:1838
new client:1839
new client:1840
new client:1841
new client:1842
new client:1843
new client:1844
new client:1845
new client:1846
new client:1847
new client:1848
new client:1849
new client:1850
new client:1851
new client:1852
new client:1853
new client:1854
new client:1855
new client:1856
new client:1857
new client:1858
new client:1859
new client:1860
new client:1861
new client:1862
new client:1863
new client:1864
new client:1865
new client:1866
new client:1867
new client:1868
new client:1869
new client:1870
new client:1871
new client:1872
new client:1873
new client:1874
new client:1875
new client:1876
new client:1877
new client:1878
new client:1879
new client:1880
new client:1881
new client:1882
new client:1883
new client:1884
new client:1885
new client:1886
new client:1887
new client:1888
new client:1889
new client:1890
new client:1891
new client:1892
new client:1893
new client:1894
new client:1895
new client:1896
new client:1897
new client:1898
new client:1899
new client:1900
new client:1901
new client:1902
new client:1903
new client:1904
new client:1905
new client:1906
new client:1907
new client:1908
new client:1909
new client:1910
new client:1911
new client:1912
new client:1913
new client:1914
new client:1915
new client:1916
new client:1917
new client:1918
new client:1919
new client:1920
new client:1921
new client:1922
new client:1923
new client:1924
new client:1925
new client:1926
new client:1927
new client:1928
new client:1929
new client:1930
new client:1931
new client:1932
new client:1933
new client:1934
new client:1935
new client:1936
new client:1937
new client:1938
new client:1939
new client:1940
new client:1941
new client:1942
new client:1943
new client:1944
new client:1945
new client:1946
new client:1947
new client:1948
new client:1949
new client:1950
new client:1951
new client:1952
new client:1953
new client:1954
new client:1955
new client:1956
new client:1957
new client:1958
new client:1959
new client:1960
new client:1961
new client:1962
new client:1963
new client:1964
new client:1965
new client:1966
new client:1967
new client:1968
new client:1969
new client:1970
new client:1971
new client:1972
new client:1973
new client:1974
new client:1975
new client:1976
new client:1977
new client:1978
new client:1979
new client:1980
new client:1981
new client:1982
new client:1983
new client:1984
new client:1985
new client:1986
new client:1987
new client:1988
new client:1989
new client:1990
new client:1991
new client:1992
new client:1993
new client:1994
new client:1995
new client:1996
new client:1997
new client:1998
new client:1999
new client:2000
new client:2001
new client:2002
new client:2003
new client:2004
new client:2005
new client:2006
new client:2007
close client
close client
close client
close client
close client
close client
close client
close client
close client
close client
close client
close client
close client
close client
close client
close client
close client
close client
close client
close client
close client
close client
close client
close client
close client
close client
close client
close client
close client
close client
close client
close client
close client
close client
close client
close client
close client
close client
close client
close client
close client
close client
close client
close client
close client
close client
close client
close client
close client
close client
close client
close client
close client
close client
close client
close client
close client
close client
close client
close client
close client
close client
close client
close client
close client
close client
close client
close client
close client
close client
close client
close client
close client
close client
close client
close client
close client
close client
close client
close client
close client
close client
close client
close client
close client
close client
close client
close client
close client
close client
close client
close client
close client
close client
close client
close client
close client
close client
close client
close client
close client
close client
close client
close client
close client
close client
close client
close client
close client
close client
close client
close client
close client
close client
close client
close client
close client
close client
close client
close client
close client
close client
close client
close client
close client
close client
close client
close client
close client
close client
close client
close client
close client
close client
close client
close client
close client
close client
close client
close client
close client
close client
close client
close client
close client
close client
close client
close client
close client
close client
close client
close client
close client
close client
close client
close client
close client
close client
close client
close client
close client
close client
close client
close client
close client
close client
close client
close client
close client
close client
close client
close client
close client
close client
close client
close client
close client
close client
close client
close client
close client
close client
close client
close client
close client
close client
close client
close client
close client
close client
close client
close client
close client
close client
close client
close client
close client
close client
close client
close client
close client
close client
close client
close client
close client
close client
close client
close client
close client
close client
close client
close client
close client
close client
close client
close client
close client
close client
close client
close client
close client
close client
close client
close client
close client
close client
close client
close client
close client
close client
close client
close client
close client
close client
close client
close client
close client
close client
close client
close client
close client
close client
close client
close client
close client
close client
close client
close client
close client
close client
close client
close client
close client
close client
close client
close client
close client
close client
close client
close client
close client
close client
close client
close client
close client
close client
close client
close client
close client
close client
close client
close client
close client
close client
close client
close client
close client
close client
close client
close client
close client
close client
close client
close client
close client
close client
close client
close client
close client
close client
close client
close client
close client
close client
close client
close client
close client
close client
close client
close client
close client
close client
close client
close client
close client
close client
close client
close client
close client
close client
close client
close client
close client
close client
close client
close client
close client
close client
close client
close client
close client
close client
close client
close client
close client
close client
close client
close client
close client
close client
close client
close client
close client
close client
close client
close client
close client
close client
close client
close client
close client
close client
close client
close client
close client
close client
close client
close client
close client
close client
close client
close client
close client
close client
close client
close client
close client
close client
close client
close client
close client
close client
close client
close client
close client
close client
close client
close client
close client
close client
close client
close client
close client
close client
close client
close client
close client
close client
close client
close client
close client
close client
close client
close client
close client
close client
close client
close client
close client
close client
close client
close client
close client
close client
close client
close client
close client
close client
close client
close client
close client
close client
close client
close client
close client
close client
close client
close client
close client
close client
close client
close client
close client
close client
close client
close client
close client
close client
close client
close client
close client
close client
close client
close client
close client
close client
close client
close client
close client
close client
close client
close client
close client
close client
close client
close client
close client
close client
close client
close client
close client
close client
close client
close client
close client
close client
close client
close client
close client
close client
close client
close client
close client
close client
close client
close client
close client
close client
close client
close client
close client
close client
close client
close client
close client
close client
close client
close client
close client
close client
close client
close client
close client
close client
close client
close client
close client
close client
close client
close client
close client
close client
close client
close client
close client
close client
close client
close client
close client
close client
close client
close client
close client
close client
close client
close client
close client
close client
close client
close client
close client
close client
close client
close client
close client
close client
close client
close client
close client
close client
close client
close client
close client
close client
close client
close client
close client
close client
close client
close client
close client
close client
close client
close client
close client
close client
close client
close client
close client
close client
close client
close client
close client
close client
close client
close client
close client
close client
close client
close client
close client
close client
close client
close client
close client
close client
close client
close client
close client
close client
close client
close client
close client
close client
close client
close client
close client
close client
close client
close client
close client
close client
close client
close client
close client
close client
close client
close client
close client
close client
close client
close client
close client
close client
close client
close client
close client
close client
close client
close client
close client
close client
close client
close client
close client
close client
close client
close client
close client
close client
close client
close client
close client
close client
close client
close client
close client
close client
close client
close client
close client
close client
close client
close client
close client
close client
close client
close client
close client
close client
close client
close client
close client
close client
close client
close client
close client
close client
close client
close client
close client
close client
close client
close client
close client
close client
close client
close client
close client
close client
close client
close client
close client
close client
close client
close client
close client
close client
close client
close client
close client
close client
close client
close client
close client
close client
close client
close client
close client
close client
close client
close client
close client
close client
close client
close client
close client
close client
close client
close client
close client
close client
close client
close client
close client
close client
close client
close client
close client
close client
close client
close client
close client
close client
close client
close client
close client
close client
close client
close client
close client
close client
close client
close client
close client
close client
close client
close client
close client
close client
close client
close client
close client
close client
close client
close client
close client
close client
close client
close client
close client
close client
close client
close client
close client
close client
close client
close client
close client
close client
close client
close client
close client
close client
close client
close client
close client
close client
close client
close client
close client
close client
close client
close client
close client
close client
close client
close client
close client
close client
close client
close client
close client
close client
close client
close client
close client
close client
close client
close client
close client
close client
close client
close client
close client
close client
close client
close client
close client
close client
close client
close client
close client
close client
close client
close client
close client
close client
close client
close client
close client
close client
close client
close client
close client
close client
close client
close client
close client
close client
close client
close client
close client
close client
close client
close client
close client
close client
close client
close client
close client
close client
close client
close client
close client
close client
close client
close client
close client
close client
close client
close client
close client
close client
close client
close client
close client
close client
close client
close client
close client
close client
close client
close client
close client
close client
close client
close client
close client
close client
close client
close client
close client
close client
close client
close client
close client
close client
close client
close client
close client
close client
close client
close client
close client
close client
close client
close client
close client
close client
close client
close client
close client
close client
close client
close client
close client
close client
close client
close client
close client
close client
close client
close client
close client
close client
close client
close client
close client
close client
close client
close client
close client
close client
close client
close client
close client
close client
close client
close client
close client
close client
close client
close client
close client
close client
close client
close client
close client
close client
close client
close client
close client
close client
close client
close client
close client
close client
close client
close client
close client
close client
close client
close client
close client
close client
close client
close client
close client
close client
close client
close client
close client
close client
close client
close client
close client
close client
close client
close client
close client
close client
close client
close client
close client
close client
close client
close client
close client
close client
close client
close client
close client
close client
close client
close client
close client
close client
close client
close client
close client
close client
close client
close client
close client
close client
close client
close client
close client
close client
close client
close client
close client
close client
close client
close client
close client
close client
close client
close client
close client
close client
close client
close client
close client
close client
close client
close client
close client
close client
close client
close client
close client
close client
close client
close client
close client
close client
close client
close client
close client
close client
close client
close client
close client
close client
close client
close client
close client
close client
close client
close client
close client
close client
close client
close client
close client
close client
close client
close client
close client
close client
close client
close client
close client
close client
close client
close client
close client
close client
close client
close client
close client
close client
close client
close client
close client
close client
close client
close client
close client
close client
close client
close client
close client
close client
close client
close client
close client
close client
close client
close client
close client
close client
close client
close client
close client
close client
close client
close client
close client
close client
close client
close client
close client
close client
close client
close client
close client
close client
close client
close client
close client
close client
close client
close client
close client
close client
close client
close client
close client
close client
close client
close client
close client
close client
close client
close client
close client
close client
close client
close client
close client
close client
close client
close client
close client
close client
close client
close client
close client
close client
close client
close client
close client
close client
close client
close client
close client
close client
close client
close client
close client
close client
close client
close client
close client
close client
close client
close client
close client
close client
close client
close client
close client
close client
close client
close client
close client
close client
close client
close client
close client
close client
close client
close client
close client
close client
close client
close client
close client
close client
close client
close client
close client
close client
close client
close client
close client
close client
close client
close client
close client
close client
close client
close client
close client
close client
close client
close client
close client
close client
close client
close client
close client
close client
close client
close client
close client
close client
close client
close client
close client
close client
close client
close client
close client
close client
close client
close client
close client
close client
close client
close client
close client
close client
close client
close client
close client
close client
close client
close client
close client
close client
close client
close client
close client
close client
close client
close client
close client
close client
close client
close client
close client
close client
close client
close client
close client
close client
close client
close client
close client
close client
close client
close client
close client
close client
close client
close client
close client
close client
close client
close client
close client
close client
close client
close client
close client
close client
close client
close client
close client
close client
close client
close client
close client
close client
close client
close client
close client
close client
close client
close client
close client
close client
close client
close client
close client
close client
close client
close client
close client
close client
close client
close client
close client
close client
close client
close client
close client
close client
close client
close client
close client
close client
close client
close client
close client
close client
close client
close client
close client
close client
close client
close client
close client
close client
close client
close client
close client
close client
close client
close client
close client
close client
close client
close client
close client
close client
close client
close client
close client
close client
close client
close client
close client
close client
close client
close client
close client
close client
close client
close client
close client
close client
close client
close client
close client
close client
close client
close client
close client
close client
close client
close client
close client
close client
close client
close client
close client
close client
close client
close client
close client
close client
close client
close client
close client
close client
close client
close client
close client
close client
close client
close client
close client
close client
close client
close client
close client
close client
close client
close client
close client
close client
close client
close client
close client
close client
close client
close client
close client
close client
close client
close client
close client
close client
close client
close client
close client
close client
close client
close client
close client
close client
close client
close client
close client
close client
close client
close client
close client
close client
close client
close client
close client
close client
close client
close client
close client
close client
close client
close client
close client
close client
close client
close client
close client
close client
close client
close client
close client
close client
close client
close client
close client
close client
close client
close client
close client
close client
close client
close client
close client
close client
close client
close client
close client
close client
close client
close client
close client
close client
close client
close client
close client
close client
close client
close client
close client
close client
close client
close client
close client
close client
close client
close client
close client
close client
close client
close client
close client
close client
close client
close client
close client
close client
close client
close client
close client
close client
close client
close client
close client
close client
close client
close client
close client
close client
close client
close client
close client
close client
close client
close client
close client
close client
close client
close client
close client
close client
close client
close client
close client
close client
close client
close client
close client
close client
close client
close client
close client
close client
close client
close client
close client
close client
close client
close client
close client
close client
close client
close client
close client
close client
close client
close client
close client
close client
close client
close client
close client
close client
close client
close client
close client
close client
close client
close client
close client
close client
close client
close client
close client
close client
close client
close client
close client
close client
close client
close client
close client
close client
close client
close client
close client
close client
close client
close client
close client
close client
close client
close client
close client
close client
close client
close client
close client
close client
close client
close client
close client
close client
close client
close client
close client
close client
close client
close client
close client
close client
close client
close client
close client
close client
close client
close client
close client
close client
close client
close client
close client
close client
close client
close client
close client
close client
close client
close client
close client
close client
close client
close client
close client
close client
close client
close client
close client
close client
close client
close client
close client
close client
close client
close client
close client
close client
close client
close client
close client
close client
close client
close client
close client
close client
close client
close client
close client
close client
close client
close client
close client
close client
close client
close client
close client
close client
close client
close client
close client
close client
close client
close client
close client
close client
close client
close client
close client
close client
close client
close client
close client
close client
close client
close client
close client
close client
close client
close client
close client
close client
close client
close client
close client
close client
close client
close client
close client
close client
close client
close client
close client
close client
close client
close client
close client
close client
close client
close client
close client
close client
close client
close client
close client
close client
close client
close client
close client
close client
close client
close client
close client
close client
close client
close client
close client
close client
close client
close client
close client
close client
close client
close client
close client
close client
close client
close client
close client
close client
close client
close client
close client
close client
close client
close client
close client
close client
close client
close client
close client
close client
close client
close client
close client
close client
close client
close client
close client
close client
close client
close client
close client
close client
close client
close client
close client
close client
close client
close client
close client
close client
close client
close client
close client
close client
close client
close client
close client
close client
close client
close client
close client
close client
close client
close client
close client
close client
close client
close client
close client
close client
close client
close client
close client
close client
close client
close client
close client
close client
close client
close client
close client
close client
close client
close client
close client
close client
close client
close client
close client
close client
close client
close client
close client
close client
close client
close client
close client
close client
close client
close client
close client
close client
close client
close client
close client
close client
close client
close client
close client
close client
close client
close client
close client
close client
close client
close client
close client
close client
close client
close client
close client
close client
close client
close client
close client
close client
close client
close client
close client
close client
close client
close client
close client
close client
close client
close client
close client
close client
close client
close client
close client
close client
close client
close client
close client
close client
close client
close client
close client
close client
close client
close client
close client
close client
close client
close client
close client
close client
close client
close client
close client
close client
close client
close client
close client
close client
close client
close client
close client
close client
close client
close client
close client
close client
close client
close client
close client
close client
close client
close client
close client
close client
close client
close client
close client
close client
close client
close client
close client
close client
close client
close client
close client
close client
close client
close client
close client
close client
close client
close client
close client
close client
close client
close client
close client
close client
close client
close client
close client
close client
close client
close client
close client
close client
close client
close client
close client
close client
close client
close client
close client
close client
close client
close client
close client
close client
close client
close client
close client
close client
close client
close client
close client
close client
close client
close client
close client
close client
close client
close client
close client
close client
close client
close client
close client
close client
close client
close client
close client
close client
close client
close client
close client
close client
close client
close client
close client
close client
close client
close client
close client
close client
close client
close client
close client
close client
close client
close client
close client
close client
close client
close client
close client
close client
close client
close client
close client
close client
close client
close client
close client
close client
close client
close client
close client
close client
close client
close client
close client
close client
close client
close client
close client
close client
close client
close client
close client
close client
close client
close client
close client
close client
close client
close client
close client
close client
close client
close client
close client
close client
close client
close client
close client
close client
close client
close client
close client
close client
close client
close client
close client
close client
close client
close client
close client
close client
close client
close client
close client
close client
close client
close client
close client
close client
close client
close client
close client
close client
close client
close client
close client
close client
close client
close client
close client
close client
close client
close client
close client
close client
close client
close client
close client
close client
close client
close client
close client
close client
close client
close client
close client
close client
close client
close client
close client
close client
close client
close client
close client
close client
close client
close client
close client
close client
close client
close client
close client
close client
close client
close client
close client
close client
close client
close client
close client
close client
close client
close client
new client:6
new client:7
new client:8
new client:9
new client:10
new client:11
new client:12
new client:13
new client:14
new client:15
new client:16
new client:17
new client:18
new client:19
new client:20
new client:21
new client:22
new client:23
new client:24
new client:26
new client:27
new client:28
new client:30
new client:31
new client:32
new client:33
new client:34
new client:35
new client:36
new client:37
new client:38
new client:39
new client:40
new client:41
new client:42
new client:43
new client:44
new client:45
new client:46
new client:47
new client:48
new client:49
new client:50
new client:51
new client:52
new client:53
new client:54
new client:55
new client:56
new client:57
new client:58
new client:59
new client:60
new client:61
new client:62
new client:63
new client:64
new client:65
new client:66
new client:67
new client:68
new client:69
new client:70
new client:71
new client:72
new client:73
new client:74
new client:75
new client:76
new client:77
new client:78
new client:79
new client:80
new client:81
new client:82
new client:83
new client:84
new client:85
new client:86
new client:87
new client:88
new client:89
new client:90
new client:91
new client:92
new client:93
new client:94
new client:95
new client:96
new client:97
new client:98
new client:99
new client:100
new client:101
new client:102
new client:103
new client:104
new client:105
new client:106
new client:107
new client:108
new client:109
new client:110
new client:111
new client:112
new client:113
new client:114
new client:115
new client:116
new client:117
new client:118
new client:119
new client:120
new client:121
new client:122
new client:123
new client:124
new client:125
new client:126
new client:127
new client:128
new client:129
new client:130
new client:131
new client:132
new client:133
new client:134
new client:135
new client:136
new client:137
new client:138
new client:139
new client:140
new client:141
new client:142
new client:143
new client:144
new client:145
new client:146
new client:147
new client:148
new client:149
new client:150
new client:151
new client:152
new client:153
new client:154
new client:155
new client:156
new client:157
new client:158
new client:159
new client:160
new client:161
new client:162
new client:163
new client:164
new client:165
new client:166
new client:167
new client:168
new client:169
new client:170
new client:171
new client:172
new client:173
new client:174
new client:175
new client:176
new client:177
new client:178
new client:179
new client:180
new client:181
new client:182
new client:183
new client:184
new client:185
new client:186
new client:187
new client:188
new client:189
new client:190
new client:191
new client:192
new client:193
new client:194
new client:195
new client:196
new client:197
new client:198
new client:199
new client:200
new client:201
new client:202
new client:203
new client:204
new client:205
new client:206
new client:207
new client:208
new client:209
new client:210
new client:211
new client:212
new client:213
new client:214
new client:215
new client:216
new client:217
new client:218
new client:219
new client:220
new client:221
new client:222
new client:223
new client:224
new client:225
new client:226
new client:227
new client:228
new client:229
new client:230
new client:231
new client:232
new client:233
new client:234
new client:235
new client:236
new client:237
new client:238
new client:239
new client:240
new client:241
new client:242
new client:243
new client:244
new client:245
new client:246
new client:247
new client:248
new client:249
new client:250
new client:251
new client:252
new client:253
new client:254
new client:255
new client:256
new client:257
new client:258
new client:259
new client:260
new client:261
new client:262
new client:263
new client:264
new client:265
new client:266
new client:267
new client:268
new client:269
new client:270
new client:271
new client:272
new client:273
new client:274
new client:275
new client:276
new client:277
new client:278
new client:279
new client:280
new client:281
new client:282
new client:283
new client:284
new client:285
new client:286
new client:287
new client:288
new client:289
new client:290
new client:291
new client:292
new client:293
new client:294
new client:295
new client:296
new client:297
new client:298
new client:299
new client:300
new client:301
new client:302
new client:303
new client:304
new client:305
new client:306
new client:307
new client:308
new client:309
new client:310
new client:311
new client:312
new client:313
new client:314
new client:315
new client:316
new client:317
new client:318
new client:319
new client:320
new client:321
new client:322
new client:323
new client:324
new client:325
new client:326
new client:327
new client:328
new client:329
new client:330
new client:331
new client:332
new client:333
new client:334
new client:335
new client:336
new client:337
new client:338
new client:339
new client:340
new client:341
new client:342
new client:343
new client:344
new client:345
new client:346
new client:347
new client:348
new client:349
new client:350
new client:351
new client:352
new client:353
new client:354
new client:355
new client:356
new client:357
new client:358
new client:359
new client:360
new client:361
new client:362
new client:363
new client:364
new client:365
new client:366
new client:367
new client:368
new client:369
new client:370
new client:371
new client:372
new client:373
new client:374
new client:375
new client:376
new client:377
new client:378
new client:379
new client:380
new client:381
new client:382
new client:383
new client:384
new client:385
new client:386
new client:387
new client:388
new client:389
new client:390
new client:391
new client:392
new client:393
new client:394
new client:395
new client:396
new client:397
new client:398
new client:399
new client:400
new client:401
new client:402
new client:403
new client:404
new client:405
new client:406
new client:407
new client:408
new client:409
new client:410
new client:411
new client:412
new client:413
new client:414
new client:415
new client:416
new client:417
new client:418
new client:419
new client:420
new client:421
new client:422
new client:423
new client:424
new client:425
new client:426
new client:427
new client:428
new client:429
new client:430
new client:431
new client:432
new client:433
new client:434
new client:435
new client:436
new client:437
new client:438
new client:439
new client:440
new client:441
new client:442
new client:443
new client:444
new client:445
new client:446
new client:447
new client:448
new client:449
new client:450
new client:451
new client:452
new client:453
new client:454
new client:455
new client:456
new client:457
new client:458
new client:459
new client:460
new client:461
new client:462
new client:463
new client:464
new client:465
new client:466
new client:467
new client:468
new client:469
new client:470
new client:471
new client:472
new client:473
new client:474
new client:475
new client:476
new client:477
new client:478
new client:479
new client:480
new client:481
new client:482
new client:483
new client:484
new client:485
new client:486
new client:487
new client:488
new client:489
new client:490
new client:491
new client:492
new client:493
new client:494
new client:495
new client:496
new client:497
new client:498
new client:499
new client:500
new client:501
new client:502
new client:503
new client:504
new client:505
new client:506
new client:507
new client:508
new client:509
new client:510
new client:511
new client:512
new client:513
new client:514
new client:515
new client:516
new client:517
new client:518
new client:519
new client:520
new client:521
new client:522
new client:523
new client:524
new client:525
new client:526
new client:527
new client:528
new client:529
new client:530
new client:531
new client:532
new client:533
new client:534
new client:535
new client:536
new client:537
new client:538
new client:539
new client:540
new client:541
new client:542
new client:543
new client:544
new client:545
new client:546
new client:547
new client:548
new client:549
new client:550
new client:551
new client:552
new client:553
new client:554
new client:555
new client:556
new client:557
new client:558
new client:559
new client:560
new client:561
new client:562
new client:563
new client:564
new client:565
new client:566
new client:567
new client:568
new client:569
new client:570
new client:571
new client:572
new client:573
new client:574
new client:575
new client:576
new client:577
new client:578
new client:579
new client:580
new client:581
new client:582
new client:583
new client:584
new client:585
new client:586
new client:587
new client:588
new client:589
new client:590
new client:591
new client:592
new client:593
new client:594
new client:595
new client:596
new client:597
new client:598
new client:599
new client:600
new client:601
new client:602
new client:603
new client:604
new client:605
new client:606
new client:607
new client:608
new client:609
new client:610
new client:611
new client:612
new client:613
new client:614
new client:615
new client:616
new client:617
new client:618
new client:619
new client:620
new client:621
new client:622
new client:623
new client:624
new client:625
new client:626
new client:627
new client:628
new client:629
new client:630
new client:631
new client:632
new client:633
new client:634
new client:635
new client:636
new client:637
new client:638
new client:639
new client:640
new client:641
new client:642
new client:643
new client:644
new client:645
new client:646
new client:647
new client:648
new client:649
new client:650
new client:651
new client:652
new client:653
new client:654
new client:655
new client:656
new client:657
new client:658
new client:659
new client:660
new client:661
new client:662
new client:663
new client:664
new client:665
new client:666
new client:667
new client:668
new client:669
new client:670
new client:671
new client:672
new client:673
new client:674
new client:675
new client:676
new client:677
new client:678
new client:679
new client:680
new client:681
new client:682
new client:683
new client:684
new client:685
new client:686
new client:687
new client:688
new client:689
new client:690
new client:691
new client:692
new client:693
new client:694
new client:695
new client:696
new client:697
new client:698
new client:699
new client:700
new client:701
new client:702
new client:703
new client:704
new client:705
new client:706
new client:707
new client:708
new client:709
new client:710
new client:711
new client:712
new client:713
new client:714
new client:715
new client:716
new client:717
new client:718
new client:719
new client:720
new client:721
new client:722
new client:723
new client:724
new client:725
new client:726
new client:727
new client:728
new client:729
new client:730
new client:731
new client:732
new client:733
new client:734
new client:735
new client:736
new client:737
new client:738
new client:739
new client:740
new client:741
new client:742
new client:743
new client:744
new client:745
new client:746
new client:747
new client:748
new client:749
new client:750
new client:751
new client:752
new client:753
new client:754
new client:755
new client:756
new client:757
new client:758
new client:759
new client:760
new client:761
new client:762
new client:763
new client:764
new client:765
new client:766
new client:767
new client:768
new client:769
new client:770
new client:771
new client:772
new client:773
new client:774
new client:775
new client:776
new client:777
new client:778
new client:779
new client:780
new client:781
new client:782
new client:783
new client:784
new client:785
new client:786
new client:787
new client:788
new client:789
new client:790
new client:791
new client:792
new client:793
new client:794
new client:795
new client:796
new client:797
new client:798
new client:799
new client:800
new client:801
new client:802
new client:803
new client:804
new client:805
new client:806
new client:807
new client:808
new client:809
new client:810
new client:811
new client:812
new client:813
new client:814
new client:815
new client:816
new client:817
new client:818
new client:819
new client:820
new client:821
new client:822
new client:823
new client:824
new client:825
new client:826
new client:827
new client:828
new client:829
new client:830
new client:831
new client:832
new client:833
new client:834
new client:835
new client:836
new client:837
new client:838
new client:839
new client:840
new client:841
new client:842
new client:843
new client:844
new client:845
new client:846
new client:847
new client:848
new client:849
new client:850
new client:851
new client:852
new client:853
new client:854
new client:855
new client:856
new client:857
new client:858
new client:859
new client:860
new client:861
new client:862
new client:863
new client:864
new client:865
new client:866
new client:867
new client:868
new client:869
new client:870
new client:871
new client:872
new client:873
new client:874
new client:875
new client:876
new client:877
new client:878
new client:879
new client:880
new client:881
new client:882
new client:883
new client:884
new client:885
new client:886
new client:887
new client:888
new client:889
new client:890
new client:891
new client:892
new client:893
new client:894
new client:895
new client:896
new client:897
new client:898
new client:899
new client:900
new client:901
new client:902
new client:903
new client:904
new client:905
new client:906
new client:907
new client:908
new client:909
new client:910
new client:911
new client:912
new client:913
new client:914
new client:915
new client:916
new client:917
new client:918
new client:919
new client:920
new client:921
new client:922
new client:923
new client:924
new client:925
new client:926
new client:927
new client:928
new client:929
new client:930
new client:931
new client:932
new client:933
new client:934
new client:935
new client:936
new client:937
new client:938
new client:939
new client:940
new client:941
new client:942
new client:943
new client:944
new client:945
new client:946
new client:947
new client:948
new client:949
new client:950
new client:951
new client:952
new client:953
new client:954
new client:955
new client:956
new client:957
new client:958
new client:959
new client:960
new client:961
new client:962
new client:963
new client:964
new client:965
new client:966
new client:967
new client:968
new client:969
new client:970
new client:971
new client:972
new client:973
new client:974
new client:975
new client:976
new client:977
new client:978
new client:979
new client:980
new client:981
new client:982
new client:983
new client:984
new client:985
new client:986
new client:987
new client:988
new client:989
new client:990
new client:991
new client:992
new client:993
new client:994
new client:995
new client:996
new client:997
new client:998
new client:999
new client:1000
new client:1001
new client:1002
new client:1003
new client:1004
new client:1005
new client:1006
new client:1007
new client:1008
new client:1009
new client:1010
new client:1011
new client:1012
new client:1013
new client:1014
new client:1015
new client:1016
new client:1017
new client:1018
new client:1019
new client:1020
new client:1021
new client:1022
new client:1023
new client:1024
new client:1025
new client:1026
new client:1027
new client:1028
new client:1029
new client:1030
new client:1031
new client:1032
new client:1033
new client:1034
new client:1035
new client:1036
new client:1037
new client:1038
new client:1039
new client:1040
new client:1041
new client:1042
new client:1043
new client:1044
new client:1045
new client:1046
new client:1047
new client:1048
new client:1049
new client:1050
new client:1051
new client:1052
new client:1053
new client:1054
new client:1055
new client:1056
new client:1057
new client:1058
new client:1059
new client:1060
new client:1061
new client:1062
new client:1063
new client:1064
new client:1065
new client:1066
new client:1067
new client:1068
new client:1069
new client:1070
new client:1071
new client:1072
new client:1073
new client:1074
new client:1075
new client:1076
new client:1077
new client:1078
new client:1079
new client:1080
new client:1081
new client:1082
new client:1083
new client:1084
new client:1085
new client:1086
new client:1087
new client:1088
new client:1089
new client:1090
new client:1091
new client:1092
new client:1093
new client:1094
new client:1095
new client:1096
new client:1097
new client:1098
new client:1099
new client:1100
new client:1101
new client:1102
new client:1103
new client:1104
new client:1105
new client:1106
new client:1107
new client:1108
new client:1109
new client:1110
new client:1111
new client:1112
new client:1113
new client:1114
new client:1115
new client:1116
new client:1117
new client:1118
new client:1119
new client:1120
new client:1121
new client:1122
new client:1123
new client:1124
new client:1125
new client:1126
new client:1127
new client:1128
new client:1129
new client:1130
new client:1131
new client:1132
new client:1133
new client:1134
new client:1135
new client:1136
new client:1137
new client:1138
new client:1139
new client:1140
new client:1141
new client:1142
new client:1143
new client:1144
new client:1145
new client:1146
new client:1147
new client:1148
new client:1149
new client:1150
new client:1151
new client:1152
new client:1153
new client:1154
new client:1155
new client:1156
new client:1157
new client:1158
new client:1159
new client:1160
new client:1161
new client:1162
new client:1163
new client:1164
new client:1165
new client:1166
new client:1167
new client:1168
new client:1169
new client:1170
new client:1171
new client:1172
new client:1173
new client:1174
new client:1175
new client:1176
new client:1177
new client:1178
new client:1179
new client:1180
new client:1181
new client:1182
new client:1183
new client:1184
new client:1185
new client:1186
new client:1187
new client:1188
new client:1189
new client:1190
new client:1191
new client:1192
new client:1193
new client:1194
new client:1195
new client:1196
new client:1197
new client:1198
new client:1199
new client:1200
new client:1201
new client:1202
new client:1203
new client:1204
new client:1205
new client:1206
new client:1207
new client:1208
new client:1209
new client:1210
new client:1211
new client:1212
new client:1213
new client:1214
new client:1215
new client:1216
new client:1217
new client:1218
new client:1219
new client:1220
new client:1221
new client:1222
new client:1223
new client:1224
new client:1225
new client:1226
new client:1227
new client:1228
new client:1229
new client:1230
new client:1231
new client:1232
new client:1233
new client:1234
new client:1235
new client:1236
new client:1237
new client:1238
new client:1239
new client:1240
new client:1241
new client:1242
new client:1243
new client:1244
new client:1245
new client:1246
new client:1247
new client:1248
new client:1249
new client:1250
new client:1251
new client:1252
new client:1253
new client:1254
new client:1255
new client:1256
new client:1257
new client:1258
new client:1259
new client:1260
new client:1261
new client:1262
new client:1263
new client:1264
new client:1265
new client:1266
new client:1267
new client:1268
new client:1269
new client:1270
new client:1271
new client:1272
new client:1273
new client:1274
new client:1275
new client:1276
new client:1277
new client:1278
new client:1279
new client:1280
new client:1281
new client:1282
new client:1283
new client:1284
new client:1285
new client:1286
new client:1287
new client:1288
new client:1289
new client:1290
new client:1291
new client:1292
new client:1293
new client:1294
new client:1295
new client:1296
new client:1297
new client:1298
new client:1299
new client:1300
new client:1301
new client:1302
new client:1303
new client:1304
new client:1305
new client:1306
new client:1307
new client:1308
new client:1309
new client:1310
new client:1311
new client:1312
new client:1313
new client:1314
new client:1315
new client:1316
new client:1317
new client:1318
new client:1319
new client:1320
new client:1321
new client:1322
new client:1323
new client:1324
new client:1325
new client:1326
new client:1327
new client:1328
new client:1329
new client:1330
new client:1331
new client:1332
new client:1333
new client:1334
new client:1335
new client:1336
new client:1337
new client:1338
new client:1339
new client:1340
new client:1341
new client:1342
new client:1343
new client:1344
new client:1345
new client:1346
new client:1347
new client:1348
new client:1349
new client:1350
new client:1351
new client:1352
new client:1353
new client:1354
new client:1355
new client:1356
new client:1357
new client:1358
new client:1359
new client:1360
new client:1361
new client:1362
new client:1363
new client:1364
new client:1365
new client:1366
new client:1367
new client:1368
new client:1369
new client:1370
new client:1371
new client:1372
new client:1373
new client:1374
new client:1375
new client:1376
new client:1377
new client:1378
new client:1379
new client:1380
new client:1381
new client:1382
new client:1383
new client:1384
new client:1385
new client:1386
new client:1387
new client:1388
new client:1389
new client:1390
new client:1391
new client:1392
new client:1393
new client:1394
new client:1395
new client:1396
new client:1397
new client:1398
new client:1399
new client:1400
new client:1401
new client:1402
new client:1403
new client:1404
new client:1405
new client:1406
new client:1407
new client:1408
new client:1409
new client:1410
new client:1411
new client:1412
new client:1413
new client:1414
new client:1415
new client:1416
new client:1417
new client:1418
new client:1419
new client:1420
new client:1421
new client:1422
new client:1423
new client:1424
new client:1425
new client:1426
new client:1427
new client:1428
new client:1429
new client:1430
new client:1431
new client:1432
new client:1433
new client:1434
new client:1435
new client:1436
new client:1437
new client:1438
new client:1439
new client:1440
new client:1441
new client:1442
new client:1443
new client:1444
new client:1445
new client:1446
new client:1447
new client:1448
new client:1449
new client:1450
new client:1451
new client:1452
new client:1453
new client:1454
new client:1455
new client:1456
new client:1457
new client:1458
new client:1459
new client:1460
new client:1461
new client:1462
new client:1463
new client:1464
new client:1465
new client:1466
new client:1467
new client:1468
new client:1469
new client:1470
new client:1471
new client:1472
new client:1473
new client:1474
new client:1475
new client:1476
new client:1477
new client:1478
new client:1479
new client:1480
new client:1481
new client:1482
new client:1483
new client:1484
new client:1485
new client:1486
new client:1487
new client:1488
new client:1489
new client:1490
new client:1491
new client:1492
new client:1493
new client:1494
new client:1495
new client:1496
new client:1497
new client:1498
new client:1499
new client:1500
new client:1501
new client:1502
new client:1503
new client:1504
new client:1505
new client:1506
new client:1507
new client:1508
new client:1509
new client:1510
new client:1511
new client:1512
new client:1513
new client:1514
new client:1515
new client:1516
new client:1517
new client:1518
new client:1519
new client:1520
new client:1521
new client:1522
new client:1523
new client:1524
new client:1525
new client:1526
new client:1527
new client:1528
new client:1529
new client:1530
new client:1531
new client:1532
new client:1533
new client:1534
new client:1535
new client:1536
new client:1537
new client:1538
new client:1539
new client:1540
new client:1541
new client:1542
new client:1543
new client:1544
new client:1545
new client:1546
new client:1547
new client:1548
new client:1549
new client:1550
new client:1551
new client:1552
new client:1553
new client:1554
new client:1555
new client:1556
new client:1557
new client:1558
new client:1559
new client:1560
new client:1561
new client:1562
new client:1563
new client:1564
new client:1565
new client:1566
new client:1567
new client:1568
new client:1569
new client:1570
new client:1571
new client:1572
new client:1573
new client:1574
new client:1575
new client:1576
new client:1577
new client:1578
new client:1579
new client:1580
new client:1581
new client:1582
new client:1583
new client:1584
new client:1585
new client:1586
new client:1587
new client:1588
new client:1589
new client:1590
new client:1591
new client:1592
new client:1593
new client:1594
new client:1595
new client:1596
new client:1597
new client:1598
new client:1599
new client:1600
new client:1601
new client:1602
new client:1603
new client:1604
new client:1605
new client:1606
new client:1607
new client:1608
new client:1609
new client:1610
new client:1611
new client:1612
new client:1613
new client:1614
new client:1615
new client:1616
new client:1617
new client:1618
new client:1619
new client:1620
new client:1621
new client:1622
new client:1623
new client:1624
new client:1625
new client:1626
new client:1627
new client:1628
new client:1629
new client:1630
new client:1631
new client:1632
new client:1633
new client:1634
new client:1635
new client:1636
new client:1637
new client:1638
new client:1639
new client:1640
new client:1641
new client:1642
new client:1643
new client:1644
new client:1645
new client:1646
new client:1647
new client:1648
new client:1649
new client:1650
new client:1651
new client:1652
new client:1653
new client:1654
new client:1655
new client:1656
new client:1657
new client:1658
new client:1659
new client:1660
new client:1661
new client:1662
new client:1663
new client:1664
new client:1665
new client:1666
new client:1667
new client:1668
new client:1669
new client:1670
new client:1671
new client:1672
new client:1673
new client:1674
new client:1675
new client:1676
new client:1677
new client:1678
new client:1679
new client:1680
new client:1681
new client:1682
new client:1683
new client:1684
new client:1685
new client:1686
new client:1687
new client:1688
new client:1689
new client:1690
new client:1691
new client:1692
new client:1693
new client:1694
new client:1695
new client:1696
new client:1697
new client:1698
new client:1699
new client:1700
new client:1701
new client:1702
new client:1703
new client:1704
new client:1705
new client:1706
new client:1707
new client:1708
new client:1709
new client:1710
new client:1711
new client:1712
new client:1713
new client:1714
new client:1715
new client:1716
new client:1717
new client:1718
new client:1719
new client:1720
new client:1721
new client:1722
new client:1723
new client:1724
new client:1725
new client:1726
new client:1727
new client:1728
new client:1729
new client:1730
new client:1731
new client:1732
new client:1733
new client:1734
new client:1735
new client:1736
new client:1737
new client:1738
new client:1739
new client:1740
new client:1741
new client:1742
new client:1743
new client:1744
new client:1745
new client:1746
new client:1747
new client:1748
new client:1749
new client:1750
new client:1751
new client:1752
new client:1753
new client:1754
new client:1755
new client:1756
new client:1757
new client:1758
new client:1759
new client:1760
new client:1761
new client:1762
new client:1763
new client:1764
new client:1765
new client:1766
new client:1767
new client:1768
new client:1769
new client:1770
new client:1771
new client:1772
new client:1773
new client:1774
new client:1775
new client:1776
new client:1777
new client:1778
new client:1779
new client:1780
new client:1781
new client:1782
new client:1783
new client:1784
new client:1785
new client:1786
new client:1787
new client:1788
new client:1789
new client:1790
new client:1791
new client:1792
new client:1793
new client:1794
new client:1795
new client:1796
new client:1797
new client:1798
new client:1799
new client:1800
new client:1801
new client:1802
new client:1803
new client:1804
new client:1805
new client:1806
new client:1807
new client:1808
new client:1809
new client:1810
new client:1811
new client:1812
new client:1813
new client:1814
new client:1815
new client:1816
new client:1817
new client:1818
new client:1819
new client:1820
new client:1821
new client:1822
new client:1823
new client:1824
new client:1825
new client:1826
new client:1827
new client:1828
new client:1829
new client:1830
new client:1831
new client:1832
new client:1833
new client:1834
new client:1835
new client:1836
new client:1837
new client:1838
new client:1839
new client:1840
new client:1841
new client:1842
new client:1843
new client:1844
new client:1845
new client:1846
new client:1847
new client:1848
new client:1849
new client:1850
new client:1851
new client:1852
new client:1853
new client:1854
new client:1855
new client:1856
new client:1857
new client:1858
new client:1859
new client:1860
new client:1861
new client:1862
new client:1863
new client:1864
new client:1865
new client:1866
new client:1867
new client:1868
new client:1869
new client:1870
new client:1871
new client:1872
new client:1873
new client:1874
new client:1875
new client:1876
new client:1877
new client:1878
new client:1879
new client:1880
new client:1881
new client:1882
new client:1883
new client:1884
new client:1885
new client:1886
new client:1887
new client:1888
new client:1889
new client:1890
new client:1891
new client:1892
new client:1893
new client:1894
new client:1895
new client:1896
new client:1897
new client:1898
new client:1899
new client:1900
new client:1901
new client:1902
new client:1903
new client:1904
new client:1905
new client:1906
new client:1907
new client:1908
new client:1909
new client:1910
new client:1911
new client:1912
new client:1913
new client:1914
new client:1915
new client:1916
new client:1917
new client:1918
new client:1919
new client:1920
new client:1921
new client:1922
new client:1923
new client:1924
new client:1925
new client:1926
new client:1927
new client:1928
new client:1929
new client:1930
new client:1931
new client:1932
new client:1933
new client:1934
new client:1935
new client:1936
new client:1937
new client:1938
new client:1939
new client:1940
new client:1941
new client:1942
new client:1943
new client:1944
new client:1945
new client:1946
new client:1947
new client:1948
new client:1949
new client:1950
new client:1951
new client:1952
new client:1953
new client:1954
new client:1955
new client:1956
new client:1957
new client:1958
new client:1959
new client:1960
new client:1961
new client:1962
new client:1963
new client:1964
new client:1965
new client:1966
new client:1967
new client:1968
new client:1969
new client:1970
new client:1971
new client:1972
new client:1973
new client:1974
new client:1975
new client:1976
new client:1977
new client:1978
new client:1979
new client:1980
new client:1981
new client:1982
new client:1983
new client:1984
new client:1985
new client:1986
new client:1987
new client:1988
new client:1989
new client:1990
new client:1991
new client:1992
new client:1993
new client:1994
new client:1995
new client:1996
new client:1997
new client:1998
new client:1999
new client:2000
new client:2001
new client:2002
new client:2003
new client:2004
new client:2005
new client:2006
new client:2007
new client:2008
new client:2009
new client:2010
new client:2011
new client:2012
new client:2013
new client:2014
new client:2015
new client:2016
new client:2017
new client:2018
new client:2019
new client:2020
new client:2021
new client:2022
new client:2023
new client:2024
new client:2025
new client:2026
new client:2027
new client:2028
new client:2029
new client:2030
new client:2031
new client:2032
new client:2033
new client:2034
new client:2035
new client:2036
new client:2037
new client:2038
new client:2039
new client:2040
new client:2041
new client:2042
new client:2043
new client:2044
new client:2045
new client:2046
new client:2047
new client:2048
new client:2049
new client:2050
new client:2051
new client:2052
new client:2053
new client:2054
new client:2055
new client:2056
new client:2057
new client:2058
new client:2059
new client:2060
new client:2061
new client:2062
new client:2063
new client:2064
new client:2065
new client:2066
new client:2067
new client:2068
new client:2069
new client:2070
new client:2071
new client:2072
new client:2073
new client:2074
new client:2075
new client:2076
new client:2077
new client:2078
new client:2079
new client:2080
new client:2081
new client:2082
new client:2083
new client:2084
new client:2085
new client:2086
new client:2087
new client:2088
new client:2089
new client:2090
new client:2091
new client:2092
new client:2093
new client:2094
new client:2095
new client:2096
new client:2097
new client:2098
new client:2099
new client:2100
new client:2101
new client:2102
new client:2103
new client:2104
new client:2105
new client:2106
new client:2107
new client:2108
new client:2109
new client:2110
new client:2111
new client:2112
new client:2113
new client:2114
new client:2115
new client:2116
new client:2117
new client:2118
new client:2119
new client:2120
new client:2121
new client:2122
new client:2123
new client:2124
new client:2125
new client:2126
new client:2127
new client:2128
new client:2129
new client:2130
new client:2131
new client:2132
new client:2133
new client:2134
new client:2135
new client:2136
new client:2137
new client:2138
new client:2139
new client:2140
new client:2141
new client:2142
new client:2143
new client:2144
new client:2145
new client:2146
new client:2147
new client:2148
new client:2149
new client:2150
new client:2151
new client:2152
new client:2153
new client:2154
new client:2155
new client:2156
new client:2157
new client:2158
new client:2159
new client:2160
new client:2161
new client:2162
new client:2163
new client:2164
new client:2165
new client:2166
new client:2167
new client:2168
new client:2169
new client:2170
new client:2171
new client:2172
new client:2173
new client:2174
new client:2175
new client:2176
new client:2177
new client:2178
new client:2179
new client:2180
new client:2181
new client:2182
new client:2183
new client:2184
new client:2185
new client:2186
new client:2187
new client:2188
new client:2189
new client:2190
new client:2191
new client:2192
new client:2193
new client:2194
new client:2195
new client:2196
new client:2197
new client:2198
new client:2199
new client:2200
new client:2201
new client:2202
new client:2203
new client:2204
new client:2205
new client:2206
new client:2207
new client:2208
new client:2209
new client:2210
new client:2211
new client:2212
new client:2213
new client:2214
new client:2215
new client:2216
new client:2217
new client:2218
new client:2219
new client:2220
new client:2221
new client:2222
new client:2223
new client:2224
new client:2225
new client:2226
new client:2227
new client:2228
new client:2229
new client:2230
new client:2231
new client:2232
new client:2233
new client:2234
new client:2235
new client:2236
new client:2237
new client:2238
new client:2239
new client:2240
new client:2241
new client:2242
new client:2243
new client:2244
new client:2245
new client:2246
new client:2247
new client:2248
new client:2249
new client:2250
new client:2251
new client:2252
new client:2253
new client:2254
new client:2255
new client:2256
new client:2257
new client:2258
new client:2259
new client:2260
new client:2261
new client:2262
new client:2263
new client:2264
new client:2265
new client:2266
new client:2267
new client:2268
new client:2269
new client:2270
new client:2271
new client:2272
new client:2273
new client:2274
new client:2275
new client:2276
new client:2277
new client:2278
new client:2279
new client:2280
new client:2281
new client:2282
new client:2283
new client:2284
new client:2285
new client:2286
new client:2287
new client:2288
new client:2289
new client:2290
new client:2291
new client:2292
new client:2293
new client:2294
new client:2295
new client:2296
new client:2297
new client:2298
new client:2299
new client:2300
new client:2301
new client:2302
new client:2303
new client:2304
new client:2305
new client:2306
new client:2307
new client:2308
new client:2309
new client:2310
new client:2311
new client:2312
new client:2313
new client:2314
new client:2315
new client:2316
new client:2317
new client:2318
new client:2319
new client:2320
new client:2321
new client:2322
new client:2323
new client:2324
new client:2325
new client:2326
new client:2327
new client:2328
new client:2329
new client:2330
new client:2331
new client:2332
new client:2333
new client:2334
new client:2335
new client:2336
new client:2337
new client:2338
new client:2339
new client:2340
new client:2341
new client:2342
new client:2343
new client:2344
new client:2345
new client:2346
new client:2347
new client:2348
new client:2349
new client:2350
new client:2351
new client:2352
new client:2353
new client:2354
new client:2355
new client:2356
new client:2357
new client:2358
new client:2359
new client:2360
new client:2361
new client:2362
new client:2363
new client:2364
new client:2365
new client:2366
new client:2367
new client:2368
new client:2369
new client:2370
new client:2371
new client:2372
new client:2373
new client:2374
new client:2375
new client:2376
new client:2377
new client:2378
new client:2379
new client:2380
new client:2381
new client:2382
new client:2383
new client:2384
new client:2385
new client:2386
new client:2387
new client:2388
new client:2389
new client:2390
new client:2391
new client:2392
new client:2393
new client:2394
new client:2395
new client:2396
new client:2397
new client:2398
new client:2399
new client:2400
new client:2401
new client:2402
new client:2403
new client:2404
new client:2405
new client:2406
new client:2407
new client:2408
new client:2409
new client:2410
new client:2411
new client:2412
new client:2413
new client:2414
new client:2415
new client:2416
new client:2417
new client:2418
new client:2419
new client:2420
new client:2421
new client:2422
new client:2423
new client:2424
new client:2425
new client:2426
new client:2427
new client:2428
new client:2429
new client:2430
new client:2431
new client:2432
new client:2433
new client:2434
new client:2435
new client:2436
new client:2437
new client:2438
new client:2439
new client:2440
new client:2441
new client:2442
new client:2443
new client:2444
new client:2445
new client:2446
new client:2447
new client:2448
new client:2449
new client:2450
new client:2451
new client:2452
new client:2453
new client:2454
new client:2455
new client:2456
new client:2457
new client:2458
new client:2459
new client:2460
new client:2461
new client:2462
new client:2463
new client:2464
new client:2465
new client:2466
new client:2467
new client:2468
new client:2469
new client:2470
new client:2471
new client:2472
new client:2473
new client:2474
new client:2475
new client:2476
new client:2477
new client:2478
new client:2479
new client:2480
new client:2481
new client:2482
new client:2483
new client:2484
new client:2485
new client:2486
new client:2487
new client:2488
new client:2489
new client:2490
new client:2491
new client:2492
new client:2493
new client:2494
new client:2495
new client:2496
new client:2497
new client:2498
new client:2499
new client:2500
new client:2501
new client:2502
new client:2503
new client:2504
new client:2505
new client:2506
new client:2507
new client:2508
new client:2509
new client:2510
new client:2511
new client:2512
new client:2513
new client:2514
new client:2515
new client:2516
new client:2517
new client:2518
new client:2519
new client:2520
new client:2521
new client:2522
new client:2523
new client:2524
new client:2525
new client:2526
new client:2527
new client:2528
new client:2529
new client:2530
new client:2531
new client:2532
new client:2533
new client:2534
new client:2535
new client:2536
new client:2537
new client:2538
new client:2539
new client:2540
new client:2541
new client:2542
new client:2543
new client:2544
new client:2545
new client:2546
new client:2547
new client:2548
new client:2549
new client:2550
new client:2551
new client:2552
new client:2553
new client:2554
new client:2555
new client:2556
new client:2557
new client:2558
new client:2559
new client:2560
new client:2561
new client:2562
new client:2563
new client:2564
new client:2565
new client:2566
new client:2567
new client:2568
new client:2569
new client:2570
new client:2571
new client:2572
new client:2573
new client:2574
new client:2575
new client:2576
new client:2577
new client:2578
new client:2579
new client:2580
new client:2581
new client:2582
new client:2583
new client:2584
new client:2585
new client:2586
new client:2587
new client:2588
new client:2589
new client:2590
new client:2591
new client:2592
new client:2593
new client:2594
new client:2595
new client:2596
new client:2597
new client:2598
new client:2599
new client:2600
new client:2601
new client:2602
new client:2603
new client:2604
new client:2605
new client:2606
new client:2607
new client:2608
new client:2609
new client:2610
new client:2611
new client:2612
new client:2613
new client:2614
new client:2615
new client:2616
new client:2617
new client:2618
new client:2619
new client:2620
new client:2621
new client:2622
new client:2623
new client:2624
new client:2625
new client:2626
new client:2627
new client:2628
new client:2629
new client:2630
new client:2631
new client:2632
new client:2633
new client:2634
new client:2635
new client:2636
new client:2637
new client:2638
new client:2639
new client:2640
new client:2641
new client:2642
new client:2643
new client:2644
new client:2645
new client:2646
new client:2647
new client:2648
new client:2649
new client:2650
new client:2651
new client:2652
new client:2653
new client:2654
new client:2655
new client:2656
new client:2657
new client:2658
new client:2659
new client:2660
new client:2661
new client:2662
new client:2663
new client:2664
new client:2665
new client:2666
new client:2667
new client:2668
new client:2669
new client:2670
new client:2671
new client:2672
new client:2673
new client:2674
new client:2675
new client:2676
new client:2677
new client:2678
new client:2679
new client:2680
new client:2681
new client:2682
new client:2683
new client:2684
new client:2685
new client:2686
new client:2687
new client:2688
new client:2689
new client:2690
new client:2691
new client:2692
new client:2693
new client:2694
new client:2695
new client:2696
new client:2697
new client:2698
new client:2699
new client:2700
new client:2701
new client:2702
new client:2703
new client:2704
new client:2705
new client:2706
new client:2707
new client:2708
new client:2709
new client:2710
new client:2711
new client:2712
new client:2713
new client:2714
new client:2715
new client:2716
new client:2717
new client:2718
new client:2719
new client:2720
new client:2721
new client:2722
new client:2723
new client:2724
new client:2725
new client:2726
new client:2727
new client:2728
new client:2729
new client:2730
new client:2731
new client:2732
new client:2733
new client:2734
new client:2735
new client:2736
new client:2737
new client:2738
new client:2739
new client:2740
new client:2741
new client:2742
new client:2743
new client:2744
new client:2745
new client:2746
new client:2747
new client:2748
new client:2749
new client:2750
new client:2751
new client:2752
new client:2753
new client:2754
new client:2755
new client:2756
new client:2757
new client:2758
new client:2759
new client:2760
new client:2761
new client:2762
new client:2763
new client:2764
new client:2765
new client:2766
new client:2767
new client:2768
new client:2769
new client:2770
new client:2771
new client:2772
new client:2773
new client:2774
new client:2775
new client:2776
new client:2777
new client:2778
new client:2779
new client:2780
new client:2781
new client:2782
new client:2783
new client:2784
new client:2785
new client:2786
new client:2787
new client:2788
new client:2789
new client:2790
new client:2791
new client:2792
new client:2793
new client:2794
new client:2795
new client:2796
new client:2797
new client:2798
new client:2799
new client:2800
new client:2801
new client:2802
new client:2803
new client:2804
new client:2805
new client:2806
new client:2807
new client:2808
new client:2809
new client:2810
new client:2811
new client:2812
new client:2813
new client:2814
new client:2815
new client:2816
new client:2817
new client:2818
new client:2819
new client:2820
new client:2821
new client:2822
new client:2823
new client:2824
new client:2825
new client:2826
new client:2827
new client:2828
new client:2829
new client:2830
new client:2831
new client:2832
new client:2833
new client:2834
new client:2835
new client:2836
new client:2837
new client:2838
new client:2839
new client:2840
new client:2841
new client:2842
new client:2843
new client:2844
new client:2845
new client:2846
new client:2847
new client:2848
new client:2849
new client:2850
new client:2851
new client:2852
new client:2853
new client:2854
new client:2855
new client:2856
new client:2857
new client:2858
new client:2859
new client:2860
new client:2861
new client:2862
new client:2863
new client:2864
new client:2865
new client:2866
new client:2867
new client:2868
new client:2869
new client:2870
new client:2871
new client:2872
new client:2873
new client:2874
new client:2875
new client:2876
new client:2877
new client:2878
new client:2879
new client:2880
new client:2881
new client:2882
new client:2883
new client:2884
new client:2885
new client:2886
new client:2887
new client:2888
new client:2889
new client:2890
new client:2891
new client:2892
new client:2893
new client:2894
new client:2895
new client:2896
new client:2897
new client:2898
new client:2899
new client:2900
new client:2901
new client:2902
new client:2903
new client:2904
new client:2905
new client:2906
new client:2907
new client:2908
new client:2909
new client:2910
new client:2911
new client:2912
new client:2913
new client:2914
new client:2915
new client:2916
new client:2917
new client:2918
new client:2919
new client:2920
new client:2921
new client:2922
new client:2923
new client:2924
new client:2925
new client:2926
new client:2927
new client:2928
new client:2929
new client:2930
new client:2931
new client:2932
new client:2933
new client:2934
new client:2935
new client:2936
new client:2937
new client:2938
new client:2939
new client:2940
new client:2941
new client:2942
new client:2943
new client:2944
new client:2945
new client:2946
new client:2947
new client:2948
new client:2949
new client:2950
new client:2951
new client:2952
new client:2953
new client:2954
new client:2955
new client:2956
new client:2957
new client:2958
new client:2959
new client:2960
new client:2961
new client:2962
new client:2963
new client:2964
new client:2965
new client:2966
new client:2967
new client:2968
new client:2969
new client:2970
new client:2971
new client:2972
new client:2973
new client:2974
new client:2975
new client:2976
new client:2977
new client:2978
new client:2979
new client:2980
new client:2981
new client:2982
new client:2983
new client:2984
new client:2985
new client:2986
new client:2987
new client:2988
new client:2989
new client:2990
new client:2991
new client:2992
new client:2993
new client:2994
new client:2995
new client:2996
new client:2997
new client:2998
new client:2999
new client:3000
new client:3001
new client:3002
new client:3003
new client:3004
new client:3005
new client:3006
new client:3007
new client:3008
new client:3009
new client:3010
new client:3011
new client:3012
new client:3013
new client:3014
new client:3015
new client:3016
new client:3017
new client:3018
new client:3019
new client:3020
new client:3021
new client:3022
new client:3023
new client:3024
new client:3025
new client:3026
new client:3027
new client:3028
new client:3029
new client:3030
new client:3031
new client:3032
new client:3033
new client:3034
new client:3035
new client:3036
new client:3037
new client:3038
new client:3039
new client:3040
new client:3041
new client:3042
new client:3043
new client:3044
new client:3045
new client:3046
new client:3047
new client:3048
new client:3049
new client:3050
new client:3051
new client:3052
new client:3053
new client:3054
new client:3055
new client:3056
new client:3057
new client:3058
new client:3059
new client:3060
new client:3061
new client:3062
new client:3063
new client:3064
new client:3065
new client:3066
new client:3067
new client:3068
new client:3069
new client:3070
new client:3071
new client:3072
new client:3073
new client:3074
new client:3075
new client:3076
new client:3077
new client:3078
new client:3079
new client:3080
new client:3081
new client:3082
new client:3083
new client:3084
new client:3085
new client:3086
new client:3087
new client:3088
new client:3089
new client:3090
new client:3091
new client:3092
new client:3093
new client:3094
new client:3095
new client:3096
new client:3097
new client:3098
new client:3099
new client:3100
new client:3101
new client:3102
new client:3103
new client:3104
new client:3105
new client:3106
new client:3107
new client:3108
new client:3109
new client:3110
new client:3111
new client:3112
new client:3113
new client:3114
new client:3115
new client:3116
new client:3117
new client:3118
new client:3119
new client:3120
new client:3121
new client:3122
new client:3123
new client:3124
new client:3125
new client:3126
new client:3127
new client:3128
new client:3129
new client:3130
new client:3131
new client:3132
new client:3133
new client:3134
new client:3135
new client:3136
new client:3137
new client:3138
new client:3139
new client:3140
new client:3141
new client:3142
new client:3143
new client:3144
new client:3145
new client:3146
new client:3147
new client:3148
new client:3149
new client:3150
new client:3151
new client:3152
new client:3153
new client:3154
new client:3155
new client:3156
new client:3157
new client:3158
new client:3159
new client:3160
new client:3161
new client:3162
new client:3163
new client:3164
new client:3165
new client:3166
new client:3167
new client:3168
new client:3169
new client:3170
new client:3171
new client:3172
new client:3173
new client:3174
new client:3175
new client:3176
new client:3177
new client:3178
new client:3179
new client:3180
new client:3181
new client:3182
new client:3183
new client:3184
new client:3185
new client:3186
new client:3187
new client:3188
new client:3189
new client:3190
new client:3191
new client:3192
new client:3193
new client:3194
new client:3195
new client:3196
new client:3197
new client:3198
new client:3199
new client:3200
new client:3201
new client:3202
new client:3203
new client:3204
new client:3205
new client:3206
new client:3207
new client:3208
new client:3209
new client:3210
new client:3211
new client:3212
new client:3213
new client:3214
new client:3215
new client:3216
new client:3217
new client:3218
new client:3219
new client:3220
new client:3221
new client:3222
new client:3223
new client:3224
new client:3225
new client:3226
new client:3227
new client:3228
new client:3229
new client:3230
new client:3231
new client:3232
new client:3233
new client:3234
new client:3235
new client:3236
new client:3237
new client:3238
new client:3239
new client:3240
new client:3241
new client:3242
new client:3243
new client:3244
new client:3245
new client:3246
new client:3247
new client:3248
new client:3249
new client:3250
new client:3251
new client:3252
new client:3253
new client:3254
new client:3255
new client:3256
new client:3257
new client:3258
new client:3259
new client:3260
new client:3261
new client:3262
new client:3263
new client:3264
new client:3265
new client:3266
new client:3267
new client:3268
new client:3269
new client:3270
new client:3271
new client:3272
new client:3273
new client:3274
new client:3275
new client:3276
new client:3277
new client:3278
new client:3279
new client:3280
new client:3281
new client:3282
new client:3283
new client:3284
new client:3285
new client:3286
new client:3287
new client:3288
new client:3289
new client:3290
new client:3291
new client:3292
new client:3293
new client:3294
new client:3295
new client:3296
new client:3297
new client:3298
new client:3299
new client:3300
new client:3301
new client:3302
new client:3303
new client:3304
new client:3305
new client:3306
new client:3307
new client:3308
new client:3309
new client:3310
new client:3311
new client:3312
new client:3313
new client:3314
new client:3315
new client:3316
new client:3317
new client:3318
new client:3319
new client:3320
new client:3321
new client:3322
new client:3323
new client:3324
new client:3325
new client:3326
new client:3327
new client:3328
new client:3329
new client:3330
new client:3331
new client:3332
new client:3333
new client:3334
new client:3335
new client:3336
new client:3337
new client:3338
new client:3339
new client:3340
new client:3341
new client:3342
new client:3343
new client:3344
new client:3345
new client:3346
new client:3347
new client:3348
new client:3349
new client:3350
new client:3351
new client:3352
new client:3353
new client:3354
new client:3355
new client:3356
new client:3357
new client:3358
new client:3359
new client:3360
new client:3361
new client:3362
new client:3363
new client:3364
new client:3365
new client:3366
new client:3367
new client:3368
new client:3369
new client:3370
new client:3371
new client:3372
new client:3373
new client:3374
new client:3375
new client:3376
new client:3377
new client:3378
new client:3379
new client:3380
new client:3381
new client:3382
new client:3383
new client:3384
new client:3385
new client:3386
new client:3387
new client:3388
new client:3389
new client:3390
new client:3391
new client:3392
new client:3393
new client:3394
new client:3395
new client:3396
new client:3397
new client:3398
new client:3399
new client:3400
new client:3401
new client:3402
new client:3403
new client:3404
new client:3405
new client:3406
new client:3407
new client:3408
new client:3409
new client:3410
new client:3411
new client:3412
new client:3413
new client:3414
new client:3415
new client:3416
new client:3417
new client:3418
new client:3419
new client:3420
new client:3421
new client:3422
new client:3423
new client:3424
new client:3425
new client:3426
new client:3427
new client:3428
new client:3429
new client:3430
new client:3431
new client:3432
new client:3433
new client:3434
new client:3435
new client:3436
new client:3437
new client:3438
new client:3439
new client:3440
new client:3441
new client:3442
new client:3443
new client:3444
new client:3445
new client:3446
new client:3447
new client:3448
new client:3449
new client:3450
new client:3451
new client:3452
new client:3453
new client:3454
new client:3455
new client:3456
new client:3457
new client:3458
new client:3459
new client:3460
new client:3461
new client:3462
new client:3463
new client:3464
new client:3465
new client:3466
new client:3467
new client:3468
new client:3469
new client:3470
new client:3471
new client:3472
new client:3473
new client:3474
new client:3475
new client:3476
new client:3477
new client:3478
new client:3479
new client:3480
new client:3481
new client:3482
new client:3483
new client:3484
new client:3485
new client:3486
new client:3487
new client:3488
new client:3489
new client:3490
new client:3491
new client:3492
new client:3493
new client:3494
new client:3495
new client:3496
new client:3497
new client:3498
new client:3499
new client:3500
new client:3501
new client:3502
new client:3503
new client:3504
new client:3505
new client:3506
new client:3507
new client:3508
new client:3509
new client:3510
new client:3511
new client:3512
new client:3513
new client:3514
new client:3515
new client:3516
new client:3517
new client:3518
new client:3519
new client:3520
new client:3521
new client:3522
new client:3523
new client:3524
new client:3525
new client:3526
new client:3527
new client:3528
new client:3529
new client:3530
new client:3531
new client:3532
new client:3533
new client:3534
new client:3535
new client:3536
new client:3537
new client:3538
new client:3539
new client:3540
new client:3541
new client:3542
new client:3543
new client:3544
new client:3545
new client:3546
new client:3547
new client:3548
new client:3549
new client:3550
new client:3551
new client:3552
new client:3553
new client:3554
new client:3555
new client:3556
new client:3557
new client:3558
new client:3559
new client:3560
new client:3561
new client:3562
new client:3563
new client:3564
new client:3565
new client:3566
new client:3567
new client:3568
new client:3569
new client:3570
new client:3571
new client:3572
new client:3573
new client:3574
new client:3575
new client:3576
new client:3577
new client:3578
new client:3579
new client:3580
new client:3581
new client:3582
new client:3583
new client:3584
new client:3585
new client:3586
new client:3587
new client:3588
new client:3589
new client:3590
new client:3591
new client:3592
new client:3593
new client:3594
new client:3595
new client:3596
new client:3597
new client:3598
new client:3599
new client:3600
new client:3601
new client:3602
new client:3603
new client:3604
new client:3605
new client:3606
new client:3607
new client:3608
new client:3609
new client:3610
new client:3611
new client:3612
new client:3613
new client:3614
new client:3615
new client:3616
new client:3617
new client:3618
new client:3619
new client:3620
new client:3621
new client:3622
new client:3623
new client:3624
new client:3625
new client:3626
new client:3627
new client:3628
new client:3629
new client:3630
new client:3631
new client:3632
new client:3633
new client:3634
new client:3635
new client:3636
new client:3637
new client:3638
new client:3639
new client:3640
new client:3641
new client:3642
new client:3643
new client:3644
new client:3645
new client:3646
new client:3647
new client:3648
new client:3649
new client:3650
new client:3651
new client:3652
new client:3653
new client:3654
new client:3655
new client:3656
new client:3657
new client:3658
new client:3659
new client:3660
new client:3661
new client:3662
new client:3663
new client:3664
new client:3665
new client:3666
new client:3667
new client:3668
new client:3669
new client:3670
new client:3671
new client:3672
new client:3673
new client:3674
new client:3675
new client:3676
new client:3677
new client:3678
new client:3679
new client:3680
new client:3681
new client:3682
new client:3683
new client:3684
new client:3685
new client:3686
new client:3687
new client:3688
new client:3689
new client:3690
new client:3691
new client:3692
new client:3693
new client:3694
new client:3695
new client:3696
new client:3697
new client:3698
new client:3699
new client:3700
new client:3701
new client:3702
new client:3703
new client:3704
new client:3705
new client:3706
new client:3707
new client:3708
new client:3709
new client:3710
new client:3711
new client:3712
new client:3713
new client:3714
new client:3715
new client:3716
new client:3717
new client:3718
new client:3719
new client:3720
new client:3721
new client:3722
new client:3723
new client:3724
new client:3725
new client:3726
new client:3727
new client:3728
new client:3729
new client:3730
new client:3731
new client:3732
new client:3733
new client:3734
new client:3735
new client:3736
new client:3737
new client:3738
new client:3739
new client:3740
new client:3741
new client:3742
new client:3743
new client:3744
new client:3745
new client:3746
new client:3747
new client:3748
new client:3749
new client:3750
new client:3751
new client:3752
new client:3753
new client:3754
new client:3755
new client:3756
new client:3757
new client:3758
new client:3759
new client:3760
new client:3761
new client:3762
new client:3763
new client:3764
new client:3765
new client:3766
new client:3767
new client:3768
new client:3769
new client:3770
new client:3771
new client:3772
new client:3773
new client:3774
new client:3775
new client:3776
new client:3777
new client:3778
new client:3779
new client:3780
new client:3781
new client:3782
new client:3783
new client:3784
new client:3785
new client:3786
new client:3787
new client:3788
new client:3789
new client:3790
new client:3791
new client:3792
new client:3793
new client:3794
new client:3795
new client:3796
new client:3797
new client:3798
new client:3799
new client:3800
new client:3801
new client:3802
new client:3803
new client:3804
new client:3805
new client:3806
new client:3807
new client:3808
new client:3809
new client:3810
new client:3811
new client:3812
new client:3813
new client:3814
new client:3815
new client:3816
new client:3817
new client:3818
new client:3819
new client:3820
new client:3821
new client:3822
new client:3823
new client:3824
new client:3825
new client:3826
new client:3827
new client:3828
new client:3829
new client:3830
new client:3831
new client:3832
new client:3833
new client:3834
new client:3835
new client:3836
new client:3837
new client:3838
new client:3839
new client:3840
new client:3841
new client:3842
new client:3843
new client:3844
new client:3845
new client:3846
new client:3847
new client:3848
new client:3849
new client:3850
new client:3851
new client:3852
new client:3853
new client:3854
new client:3855
new client:3856
new client:3857
new client:3858
new client:3859
new client:3860
new client:3861
new client:3862
new client:3863
new client:3864
new client:3865
new client:3866
new client:3867
new client:3868
new client:3869
new client:3870
new client:3871
new client:3872
new client:3873
new client:3874
new client:3875
new client:3876
new client:3877
new client:3878
new client:3879
new client:3880
new client:3881
new client:3882
new client:3883
new client:3884
new client:3885
new client:3886
new client:3887
new client:3888
new client:3889
new client:3890
new client:3891
new client:3892
new client:3893
new client:3894
new client:3895
new client:3896
new client:3897
new client:3898
new client:3899
new client:3900
new client:3901
new client:3902
new client:3903
new client:3904
new client:3905
new client:3906
new client:3907
new client:3908
new client:3909
new client:3910
new client:3911
new client:3912
new client:3913
new client:3914
new client:3915
new client:3916
new client:3917
new client:3918
new client:3919
new client:3920
new client:3921
new client:3922
new client:3923
new client:3924
new client:3925
new client:3926
new client:3927
new client:3928
new client:3929
new client:3930
new client:3931
new client:3932
new client:3933
new client:3934
new client:3935
new client:3936
new client:3937
new client:3938
new client:3939
new client:3940
new client:3941
new client:3942
new client:3943
new client:3944
new client:3945
new client:3946
new client:3947
new client:3948
new client:3949
new client:3950
new client:3951
new client:3952
new client:3953
new client:3954
new client:3955
new client:3956
new client:3957
new client:3958
new client:3959
new client:3960
new client:3961
new client:3962
new client:3963
new client:3964
new client:3965
new client:3966
new client:3967
new client:3968
new client:3969
new client:3970
new client:3971
new client:3972
new client:3973
new client:3974
new client:3975
new client:3976
new client:3977
new client:3978
new client:3979
new client:3980
new client:3981
new client:3982
new client:3983
new client:3984
new client:3985
new client:3986
new client:3987
new client:3988
new client:3989
new client:3990
new client:3991
new client:3992
new client:3993
new client:3994
new client:3995
new client:3996
new client:3997
new client:3998
new client:3999
new client:4000
new client:4001
new client:4002
new client:4003
new client:4004
new client:4005
new client:4006
new client:4007
new client:4008
new client:4009
new client:4010
new client:4011
new client:4012
new client:4013
new client:4014
new client:4015
new client:4016
new client:4017
new client:4018
new client:4019
new client:4020
new client:4021
new client:4022
new client:4023
new client:4024
new client:4025
new client:4026
new client:4027
new client:4028
new client:4029
new client:4030
new client:4031
new client:4032
new client:4033
new client:4034
new client:4035
new client:4036
new client:4037
new client:4038
new client:4039
new client:4040
new client:4041
new client:4042
new client:4043
new client:4044
new client:4045
new client:4046
new client:4047
new client:4048
new client:4049
new client:4050
new client:4051
new client:4052
new client:4053
new client:4054
new client:4055
new client:4056
new client:4057
new client:4058
new client:4059
new client:4060
new client:4061
new client:4062
new client:4063
new client:4064
new client:4065
new client:4066
new client:4067
new client:4068
new client:4069
new client:4070
new client:4071
new client:4072
new client:4073
new client:4074
new client:4075
new client:4076
new client:4077
new client:4078
new client:4079
new client:4080
new client:4081
new client:4082
new client:4083
new client:4084
new client:4085
new client:4086
new client:4087
new client:4088
new client:4089
new client:4090
new client:4091
new client:4092
new client:4093
new client:4094
new client:4095
new client:4096
new client:4097
new client:4098
new client:4099
new client:4100
new client:4101
new client:4102
new client:4103
new client:4104
new client:4105
new client:4106
new client:4107
new client:4108
new client:4109
new client:4110
new client:4111
new client:4112
new client:4113
new client:4114
new client:4115
new client:4116
new client:4117
new client:4118
new client:4119
new client:4120
new client:4121
new client:4122
new client:4123
new client:4124
new client:4125
new client:4126
new client:4127
new client:4128
new client:4129
new client:4130
new client:4131
new client:4132
new client:4133
new client:4134
new client:4135
new client:4136
new client:4137
new client:4138
new client:4139
new client:4140
new client:4141
new client:4142
new client:4143
new client:4144
new client:4145
new client:4146
new client:4147
new client:4148
new client:4149
new client:4150
new client:4151
new client:4152
new client:4153
new client:4154
new client:4155
new client:4156
new client:4157
new client:4158
new client:4159
new client:4160
new client:4161
new client:4162
new client:4163
new client:4164
new client:4165
new client:4166
new client:4167
new client:4168
new client:4169
new client:4170
new client:4171
new client:4172
new client:4173
new client:4174
new client:4175
new client:4176
new client:4177
new client:4178
new client:4179
new client:4180
new client:4181
new client:4182
new client:4183
new client:4184
new client:4185
new client:4186
new client:4187
new client:4188
new client:4189
new client:4190
new client:4191
new client:4192
new client:4193
new client:4194
new client:4195
new client:4196
new client:4197
new client:4198
new client:4199
new client:4200
new client:4201
new client:4202
new client:4203
new client:4204
new client:4205
new client:4206
new client:4207
new client:4208
new client:4209
new client:4210
new client:4211
new client:4212
new client:4213
new client:4214
new client:4215
new client:4216
new client:4217
new client:4218
new client:4219
new client:4220
new client:4221
new client:4222
new client:4223
new client:4224
new client:4225
new client:4226
new client:4227
new client:4228
new client:4229
new client:4230
new client:4231
new client:4232
new client:4233
new client:4234
new client:4235
new client:4236
new client:4237
new client:4238
new client:4239
new client:4240
new client:4241
new client:4242
new client:4243
new client:4244
new client:4245
new client:4246
new client:4247
new client:4248
new client:4249
new client:4250
new client:4251
new client:4252
new client:4253
new client:4254
new client:4255
new client:4256
new client:4257
new client:4258
new client:4259
new client:4260
new client:4261
new client:4262
new client:4263
new client:4264
new client:4265
new client:4266
new client:4267
new client:4268
new client:4269
new client:4270
new client:4271
new client:4272
new client:4273
new client:4274
new client:4275
new client:4276
new client:4277
new client:4278
new client:4279
new client:4280
new client:4281
new client:4282
new client:4283
new client:4284
new client:4285
new client:4286
new client:4287
new client:4288
new client:4289
new client:4290
new client:4291
new client:4292
new client:4293
new client:4294
new client:4295
new client:4296
new client:4297
new client:4298
new client:4299
new client:4300
new client:4301
new client:4302
new client:4303
new client:4304
new client:4305
new client:4306
new client:4307
new client:4308
new client:4309
new client:4310
new client:4311
new client:4312
new client:4313
new client:4314
new client:4315
new client:4316
new client:4317
new client:4318
new client:4319
new client:4320
new client:4321
new client:4322
new client:4323
new client:4324
new client:4325
new client:4326
new client:4327
new client:4328
new client:4329
new client:4330
new client:4331
new client:4332
new client:4333
new client:4334
new client:4335
new client:4336
new client:4337
new client:4338
new client:4339
new client:4340
new client:4341
new client:4342
new client:4343
new client:4344
new client:4345
new client:4346
new client:4347
new client:4348
new client:4349
new client:4350
new client:4351
new client:4352
new client:4353
new client:4354
new client:4355
new client:4356
new client:4357
new client:4358
new client:4359
new client:4360
new client:4361
new client:4362
new client:4363
new client:4364
new client:4365
new client:4366
new client:4367
new client:4368
new client:4369
new client:4370
new client:4371
new client:4372
new client:4373
new client:4374
new client:4375
new client:4376
new client:4377
new client:4378
new client:4379
new client:4380
new client:4381
new client:4382
new client:4383
new client:4384
new client:4385
new client:4386
new client:4387
new client:4388
new client:4389
new client:4390
new client:4391
new client:4392
new client:4393
new client:4394
new client:4395
new client:4396
new client:4397
new client:4398
new client:4399
new client:4400
new client:4401
new client:4402
new client:4403
new client:4404
new client:4405
new client:4406
new client:4407
new client:4408
new client:4409
new client:4410
new client:4411
new client:4412
new client:4413
new client:4414
new client:4415
new client:4416
new client:4417
new client:4418
new client:4419
new client:4420
new client:4421
new client:4422
new client:4423
new client:4424
new client:4425
new client:4426
new client:4427
new client:4428
new client:4429
new client:4430
new client:4431
new client:4432
new client:4433
new client:4434
new client:4435
new client:4436
new client:4437
new client:4438
new client:4439
new client:4440
new client:4441
new client:4442
new client:4443
new client:4444
new client:4445
new client:4446
new client:4447
new client:4448
new client:4449
new client:4450
new client:4451
new client:4452
new client:4453
new client:4454
new client:4455
new client:4456
new client:4457
new client:4458
new client:4459
new client:4460
new client:4461
new client:4462
new client:4463
new client:4464
new client:4465
new client:4466
new client:4467
new client:4468
new client:4469
new client:4470
new client:4471
new client:4472
new client:4473
new client:4474
new client:4475
new client:4476
new client:4477
new client:4478
new client:4479
new client:4480
new client:4481
new client:4482
new client:4483
new client:4484
new client:4485
new client:4486
new client:4487
new client:4488
new client:4489
new client:4490
new client:4491
new client:4492
new client:4493
new client:4494
new client:4495
new client:4496
new client:4497
new client:4498
new client:4499
new client:4500
new client:4501
new client:4502
new client:4503
new client:4504
new client:4505
new client:4506
new client:4507
new client:4508
new client:4509
new client:4510
new client:4511
new client:4512
new client:4513
new client:4514
new client:4515
new client:4516
new client:4517
new client:4518
new client:4519
new client:4520
new client:4521
new client:4522
new client:4523
new client:4524
new client:4525
new client:4526
new client:4527
new client:4528
new client:4529
new client:4530
new client:4531
new client:4532
new client:4533
new client:4534
new client:4535
new client:4536
new client:4537
new client:4538
new client:4539
new client:4540
new client:4541
new client:4542
new client:4543
new client:4544
new client:4545
new client:4546
new client:4547
new client:4548
new client:4549
new client:4550
new client:4551
new client:4552
new client:4553
new client:4554
new client:4555
new client:4556
new client:4557
new client:4558
new client:4559
new client:4560
new client:4561
new client:4562
new client:4563
new client:4564
new client:4565
new client:4566
new client:4567
new client:4568
new client:4569
new client:4570
new client:4571
new client:4572
new client:4573
new client:4574
new client:4575
new client:4576
new client:4577
new client:4578
new client:4579
new client:4580
new client:4581
new client:4582
new client:4583
new client:4584
new client:4585
new client:4586
new client:4587
new client:4588
new client:4589
new client:4590
new client:4591
new client:4592
new client:4593
new client:4594
new client:4595
new client:4596
new client:4597
new client:4598
new client:4599
new client:4600
new client:4601
new client:4602
new client:4603
new client:4604
new client:4605
new client:4606
new client:4607
new client:4608
new client:4609
new client:4610
new client:4611
new client:4612
new client:4613
new client:4614
new client:4615
new client:4616
new client:4617
new client:4618
new client:4619
new client:4620
new client:4621
new client:4622
new client:4623
new client:4624
new client:4625
new client:4626
new client:4627
new client:4628
new client:4629
new client:4630
new client:4631
new client:4632
new client:4633
new client:4634
new client:4635
new client:4636
new client:4637
new client:4638
new client:4639
new client:4640
new client:4641
new client:4642
new client:4643
new client:4644
new client:4645
new client:4646
new client:4647
new client:4648
new client:4649
new client:4650
new client:4651
new client:4652
new client:4653
new client:4654
new client:4655
new client:4656
new client:4657
new client:4658
new client:4659
new client:4660
new client:4661
new client:4662
new client:4663
new client:4664
new client:4665
new client:4666
new client:4667
new client:4668
new client:4669
new client:4670
new client:4671
new client:4672
new client:4673
new client:4674
new client:4675
new client:4676
new client:4677
new client:4678
new client:4679
new client:4680
new client:4681
new client:4682
new client:4683
new client:4684
new client:4685
new client:4686
new client:4687
new client:4688
new client:4689
new client:4690
new client:4691
new client:4692
new client:4693
new client:4694
new client:4695
new client:4696
new client:4697
new client:4698
new client:4699
new client:4700
new client:4701
new client:4702
new client:4703
new client:4704
new client:4705
new client:4706
new client:4707
new client:4708
new client:4709
new client:4710
new client:4711
new client:4712
new client:4713
new client:4714
new client:4715
new client:4716
new client:4717
new client:4718
new client:4719
new client:4720
new client:4721
new client:4722
new client:4723
new client:4724
new client:4725
new client:4726
new client:4727
new client:4728
new client:4729
new client:4730
new client:4731
new client:4732
new client:4733
new client:4734
new client:4735
new client:4736
new client:4737
new client:4738
new client:4739
new client:4740
new client:4741
new client:4742
new client:4743
new client:4744
new client:4745
new client:4746
new client:4747
new client:4748
new client:4749
new client:4750
new client:4751
new client:4752
new client:4753
new client:4754
new client:4755
new client:4756
new client:4757
new client:4758
new client:4759
new client:4760
new client:4761
new client:4762
new client:4763
new client:4764
new client:4765
new client:4766
new client:4767
new client:4768
new client:4769
new client:4770
new client:4771
new client:4772
new client:4773
new client:4774
new client:4775
new client:4776
new client:4777
new client:4778
new client:4779
new client:4780
new client:4781
new client:4782
new client:4783
new client:4784
new client:4785
new client:4786
new client:4787
new client:4788
new client:4789
new client:4790
new client:4791
new client:4792
new client:4793
new client:4794
new client:4795
new client:4796
new client:4797
new client:4798
new client:4799
new client:4800
new client:4801
new client:4802
new client:4803
new client:4804
new client:4805
new client:4806
new client:4807
new client:4808
new client:4809
new client:4810
new client:4811
new client:4812
new client:4813
new client:4814
new client:4815
new client:4816
new client:4817
new client:4818
new client:4819
new client:4820
new client:4821
new client:4822
new client:4823
new client:4824
new client:4825
new client:4826
new client:4827
new client:4828
new client:4829
new client:4830
new client:4831
new client:4832
new client:4833
new client:4834
new client:4835
new client:4836
new client:4837
new client:4838
new client:4839
new client:4840
new client:4841
new client:4842
new client:4843
new client:4844
new client:4845
new client:4846
new client:4847
new client:4848
new client:4849
new client:4850
new client:4851
new client:4852
new client:4853
new client:4854
new client:4855
new client:4856
new client:4857
new client:4858
new client:4859
new client:4860
new client:4861
new client:4862
new client:4863
new client:4864
new client:4865
new client:4866
new client:4867
new client:4868
new client:4869
new client:4870
new client:4871
new client:4872
new client:4873
new client:4874
new client:4875
new client:4876
new client:4877
new client:4878
new client:4879
new client:4880
new client:4881
new client:4882
new client:4883
new client:4884
new client:4885
new client:4886
new client:4887
new client:4888
new client:4889
new client:4890
new client:4891
new client:4892
new client:4893
new client:4894
new client:4895
new client:4896
new client:4897
new client:4898
new client:4899
new client:4900
new client:4901
new client:4902
new client:4903
new client:4904
new client:4905
new client:4906
new client:4907
new client:4908
new client:4909
new client:4910
new client:4911
new client:4912
new client:4913
new client:4914
new client:4915
new client:4916
new client:4917
new client:4918
new client:4919
new client:4920
new client:4921
new client:4922
new client:4923
new client:4924
new client:4925
new client:4926
new client:4927
new client:4928
new client:4929
new client:4930
new client:4931
new client:4932
new client:4933
new client:4934
new client:4935
new client:4936
new client:4937
new client:4938
new client:4939
new client:4940
new client:4941
new client:4942
new client:4943
new client:4944
new client:4945
new client:4946
new client:4947
new client:4948
new client:4949
new client:4950
new client:4951
new client:4952
new client:4953
new client:4954
new client:4955
new client:4956
new client:4957
new client:4958
new client:4959
new client:4960
new client:4961
new client:4962
new client:4963
new client:4964
new client:4965
new client:4966
new client:4967
new client:4968
new client:4969
new client:4970
new client:4971
new client:4972
new client:4973
new client:4974
new client:4975
new client:4976
new client:4977
new client:4978
new client:4979
new client:4980
new client:4981
new client:4982
new client:4983
new client:4984
new client:4985
new client:4986
new client:4987
new client:4988
new client:4989
new client:4990
new client:4991
new client:4992
new client:4993
new client:4994
new client:4995
new client:4996
new client:4997
new client:4998
new client:4999
new client:5000
new client:5001
new client:5002
new client:5003
new client:5004
new client:5005
new client:5006
new client:5007
close client
close client
close client
close client
close client
close client
close client
close client
close client
close client
close client
close client
close client
close client
close client
close client
close client
close client
close client
close client
close client
close client
close client
close client
close client
close client
close client
close client
close client
close client
close client
close client
close client
close client
close client
close client
close client
close client
close client
close client
close client
close client
close client
close client
close client
close client
close client
close client
close client
close client
close client
close client
close client
close client
close client
close client
close client
close client
close client
close client
close client
close client
close client
close client
close client
close client
close client
close client
close client
close client
close client
close client
close client
close client
close client
close client
close client
close client
close client
close client
close client
close client
close client
close client
close client
close client
close client
close client
close client
close client
close client
close client
close client
close client
close client
close client
close client
close client
close client
close client
close client
close client
close client
close client
close client
close client
close client
close client
close client
close client
close client
close client
close client
close client
close client
close client
close client
close client
close client
close client
close client
close client
close client
close client
close client
close client
close client
close client
close client
close client
close client
close client
close client
close client
close client
close client
close client
close client
close client
close client
close client
close client
close client
close client
close client
close client
close client
close client
close client
close client
close client
close client
close client
close client
close client
close client
close client
close client
close client
close client
close client
close client
close client
close client
close client
close client
close client
close client
close client
close client
close client
close client
close client
close client
close client
close client
close client
close client
close client
close client
close client
close client
close client
close client
close client
close client
close client
close client
close client
close client
close client
close client
close client
close client
close client
close client
close client
close client
close client
close client
close client
close client
close client
close client
close client
close client
close client
close client
close client
close client
close client
close client
close client
close client
close client
close client
close client
close client
close client
close client
close client
close client
close client
close client
close client
close client
close client
close client
close client
close client
close client
close client
close client
close client
close client
close client
close client
close client
close client
close client
close client
close client
close client
close client
close client
close client
close client
close client
close client
close client
close client
close client
close client
close client
close client
close client
close client
close client
close client
close client
close client
close client
close client
close client
close client
close client
close client
close client
close client
close client
close client
close client
close client
close client
close client
close client
close client
close client
close client
close client
close client
close client
close client
close client
close client
close client
close client
close client
close client
close client
close client
close client
close client
close client
close client
close client
close client
close client
close client
close client
close client
close client
close client
close client
close client
close client
close client
close client
close client
close client
close client
close client
close client
close client
close client
close client
close client
close client
close client
close client
close client
close client
close client
close client
close client
close client
close client
close client
close client
close client
close client
close client
close client
close client
close client
close client
close client
close client
close client
close client
close client
close client
close client
close client
close client
close client
close client
close client
close client
close client
close client
close client
close client
close client
close client
close client
close client
close client
close client
close client
close client
close client
close client
close client
close client
close client
close client
close client
close client
close client
close client
close client
close client
close client
close client
close client
close client
close client
close client
close client
close client
close client
close client
close client
close client
close client
close client
close client
close client
close client
close client
close client
close client
close client
close client
close client
close client
close client
close client
close client
close client
close client
close client
close client
close client
close client
close client
close client
close client
close client
close client
close client
close client
close client
close client
close client
close client
close client
close client
close client
close client
close client
close client
close client
close client
close client
close client
close client
close client
close client
close client
close client
close client
close client
close client
close client
close client
close client
close client
close client
close client
close client
close client
close client
close client
close client
close client
close client
close client
close client
close client
close client
close client
close client
close client
close client
close client
close client
close client
close client
close client
close client
close client
close client
close client
close client
close client
close client
close client
close client
close client
close client
close client
close client
close client
close client
close client
close client
close client
close client
close client
close client
close client
close client
close client
close client
close client
close client
close client
close client
close client
close client
close client
close client
close client
close client
close client
close client
close client
close client
close client
close client
close client
close client
close client
close client
close client
close client
close client
close client
close client
close client
close client
close client
close client
close client
close client
close client
close client
close client
close client
close client
close client
close client
close client
close client
close client
close client
close client
close client
close client
close client
close client
close client
close client
close client
close client
close client
close client
close client
close client
close client
close client
close client
close client
close client
close client
close client
close client
close client
close client
close client
close client
close client
close client
close client
close client
close client
close client
close client
close client
close client
close client
close client
close client
close client
close client
close client
close client
close client
close client
close client
close client
close client
close client
close client
close client
close client
close client
close client
close client
close client
close client
close client
close client
close client
close client
close client
close client
close client
close client
close client
close client
close client
close client
close client
close client
close client
close client
close client
close client
close client
close client
close client
close client
close client
close client
close client
close client
close client
close client
close client
close client
close client
close client
close client
close client
close client
close client
close client
close client
close client
close client
close client
close client
close client
close client
close client
close client
close client
close client
close client
close client
close client
close client
close client
close client
close client
close client
close client
close client
close client
close client
close client
close client
close client
close client
close client
close client
close client
close client
close client
close client
close client
close client
close client
close client
close client
close client
close client
close client
close client
close client
close client
close client
close client
close client
close client
close client
close client
close client
close client
close client
close client
close client
close client
close client
close client
close client
close client
close client
close client
close client
close client
close client
close client
close client
close client
close client
close client
close client
close client
close client
close client
close client
close client
close client
close client
close client
close client
close client
close client
close client
close client
close client
close client
close client
close client
close client
close client
close client
close client
close client
close client
close client
close client
close client
close client
close client
close client
close client
close client
close client
close client
close client
close client
close client
close client
close client
close client
close client
close client
close client
close client
close client
close client
close client
close client
close client
close client
close client
close client
close client
close client
close client
close client
close client
close client
close client
close client
close client
close client
close client
close client
close client
close client
close client
close client
close client
close client
close client
close client
close client
close client
close client
close client
close client
close client
close client
close client
close client
close client
close client
close client
close client
close client
close client
close client
close client
close client
close client
close client
close client
close client
close client
close client
close client
close client
close client
close client
close client
close client
close client
close client
close client
close client
close client
close client
close client
close client
close client
close client
close client
close client
close client
close client
close client
close client
close client
close client
close client
close client
close client
close client
close client
close client
close client
close client
close client
close client
close client
close client
close client
close client
close client
close client
close client
close client
close client
close client
close client
close client
close client
close client
close client
close client
close client
close client
close client
close client
close client
close client
close client
close client
close client
close client
close client
close client
close client
close client
close client
close client
close client
close client
close client
close client
close client
close client
close client
close client
close client
close client
close client
close client
close client
close client
close client
close client
close client
close client
close client
close client
close client
close client
close client
close client
close client
close client
close client
close client
close client
close client
close client
close client
close client
close client
close client
close client
close client
close client
close client
close client
close client
close client
close client
close client
close client
close client
close client
close client
close client
close client
close client
close client
close client
close client
close client
close client
close client
close client
close client
close client
close client
close client
close client
close client
close client
close client
close client
close client
close client
close client
close client
close client
close client
close client
close client
close client
close client
close client
close client
close client
close client
close client
close client
close client
close client
close client
close client
close client
close client
close client
close client
close client
close client
close client
close client
close client
close client
close client
close client
close client
close client
close client
close client
close client
close client
close client
close client
close client
close client
close client
close client
close client
close client
close client
close client
close client
close client
close client
close client
close client
close client
close client
close client
close client
close client
close client
close client
close client
close client
close client
close client
close client
close client
close client
close client
close client
close client
close client
close client
close client
close client
close client
close client
close client
close client
close client
close client
close client
close client
close client
close client
close client
close client
close client
close client
close client
close client
close client
close client
close client
close client
close client
close client
close client
close client
close client
close client
close client
close client
close client
close client
close client
close client
close client
close client
close client
close client
close client
close client
close client
close client
close client
close client
close client
close client
close client
close client
close client
close client
close client
close client
close client
close client
close client
close client
close client
close client
close client
close client
close client
close client
close client
close client
close client
close client
close client
close client
close client
close client
close client
close client
close client
close client
close client
close client
close client
close client
close client
close client
close client
close client
close client
close client
close client
close client
close client
close client
close client
close client
close client
close client
close client
close client
close client
close client
close client
close client
close client
close client
close client
close client
close client
close client
close client
close client
close client
close client
close client
close client
close client
close client
close client
close client
close client
close client
close client
close client
close client
close client
close client
close client
close client
close client
close client
close client
close client
close client
close client
close client
close client
close client
close client
close client
close client
close client
close client
close client
close client
close client
close client
close client
close client
close client
close client
close client
close client
close client
close client
close client
close client
close client
close client
close client
close client
close client
close client
close client
close client
close client
close client
close client
close client
close client
close client
close client
close client
close client
close client
close client
close client
close client
close client
close client
close client
close client
close client
close client
close client
close client
close client
close client
close client
close client
close client
close client
close client
close client
close client
close client
close client
close client
close client
close client
close client
close client
close client
close client
close client
close client
close client
close client
close client
close client
close client
close client
close client
close client
close client
close client
close client
close client
close client
close client
close client
close client
close client
close client
close client
close client
close client
close client
close client
close client
close client
close client
close client
close client
close client
close client
close client
close client
close client
close client
close client
close client
close client
close client
close client
close client
close client
close client
close client
close client
close client
close client
close client
close client
close client
close client
close client
close client
close client
close client
close client
close client
close client
close client
close client
close client
close client
close client
close client
close client
close client
close client
close client
close client
close client
close client
close client
close client
close client
close client
close client
close client
close client
close client
close client
close client
close client
close client
close client
close client
close client
close client
close client
close client
close client
close client
close client
close client
close client
close client
close client
close client
close client
close client
close client
close client
close client
close client
close client
close client
close client
close client
close client
close client
close client
close client
close client
close client
close client
close client
close client
close client
close client
close client
close client
close client
close client
close client
close client
close client
close client
close client
close client
close client
close client
close client
close client
close client
close client
close client
close client
close client
close client
close client
close client
close client
close client
close client
close client
close client
close client
close client
close client
close client
close client
close client
close client
close client
close client
close client
close client
close client
close client
close client
close client
close client
close client
close client
close client
close client
close client
close client
close client
close client
close client
close client
close client
close client
close client
close client
close client
close client
close client
close client
close client
close client
close client
close client
close client
close client
close client
close client
close client
close client
close client
close client
close client
close client
close client
close client
close client
close client
close client
close client
close client
close client
close client
close client
close client
close client
close client
close client
close client
close client
close client
close client
close client
close client
close client
close client
close client
close client
close client
close client
close client
close client
close client
close client
close client
close client
close client
close client
close client
close client
close client
close client
close client
close client
close client
close client
close client
close client
close client
close client
close client
close client
close client
close client
close client
close client
close client
close client
close client
close client
close client
close client
close client
close client
close client
close client
close client
close client
close client
close client
close client
close client
close client
close client
close client
close client
close client
close client
close client
close client
close client
close client
close client
close client
close client
close client
close client
close client
close client
close client
close client
close client
close client
close client
close client
close client
close client
close client
close client
close client
close client
close client
close client
close client
close client
close client
close client
close client
close client
close client
close client
close client
close client
close client
close client
close client
close client
close client
close client
close client
close client
close client
close client
close client
close client
close client
close client
close client
close client
close client
close client
close client
close client
close client
close client
close client
close client
close client
close client
close client
close client
close client
close client
close client
close client
close client
close client
close client
close client
close client
close client
close client
close client
close client
close client
close client
close client
close client
close client
close client
close client
close client
close client
close client
close client
close client
close client
close client
close client
close client
close client
close client
close client
close client
close client
close client
close client
close client
close client
close client
close client
close client
close client
close client
close client
close client
close client
close client
close client
close client
close client
close client
close client
close client
close client
close client
close client
close client
close client
close client
close client
close client
close client
close client
close client
close client
close client
close client
close client
close client
close client
close client
close client
close client
close client
close client
close client
close client
close client
close client
close client
close client
close client
close client
close client
close client
close client
close client
close client
close client
close client
close client
close client
close client
close client
close client
close client
close client
close client
close client
close client
close client
close client
close client
close client
close client
close client
close client
close client
close client
close client
close client
close client
close client
close client
close client
close client
close client
close client
close client
close client
close client
close client
close client
close client
close client
close client
close client
close client
close client
close client
close client
close client
close client
close client
close client
close client
close client
close client
close client
close client
close client
close client
close client
close client
close client
close client
close client
close client
close client
close client
close client
close client
close client
close client
close client
close client
close client
close client
close client
close client
close client
close client
close client
close client
close client
close client
close client
close client
close client
close client
close client
close client
close client
close client
close client
close client
close client
close client
close client
close client
close client
close client
close client
close client
close client
close client
close client
close client
close client
close client
close client
close client
close client
close client
close client
close client
close client
close client
close client
close client
close client
close client
close client
close client
close client
close client
close client
close client
close client
close client
close client
close client
close client
close client
close client
close client
close client
close client
close client
close client
close client
close client
close client
close client
close client
close client
close client
close client
close client
close client
close client
close client
close client
close client
close client
close client
close client
close client
close client
close client
close client
close client
close client
close client
close client
close client
close client
close client
close client
close client
close client
close client
close client
close client
close client
close client
close client
close client
close client
close client
close client
close client
close client
close client
close client
close client
close client
close client
close client
close client
close client
close client
close client
close client
close client
close client
close client
close client
close client
close client
close client
close client
close client
close client
close client
close client
close client
close client
close client
close client
close client
close client
close client
close client
close client
close client
close client
close client
close client
close client
close client
close client
close client
close client
close client
close client
close client
close client
close client
close client
close client
close client
close client
close client
close client
close client
close client
close client
close client
close client
close client
close client
close client
close client
close client
close client
close client
close client
close client
close client
close client
close client
close client
close client
close client
close client
close client
close client
close client
close client
close client
close client
close client
close client
close client
close client
close client
close client
close client
close client
close client
close client
close client
close client
close client
close client
close client
close client
close client
close client
close client
close client
close client
close client
close client
close client
close client
close client
close client
close client
close client
close client
close client
close client
close client
close client
close client
close client
close client
close client
close client
close client
close client
close client
close client
close client
close client
close client
close client
close client
close client
close client
close client
close client
close client
close client
close client
close client
close client
close client
close client
close client
close client
close client
close client
close client
close client
close client
close client
close client
close client
close client
close client
close client
close client
close client
close client
close client
close client
close client
close client
close client
close client
close client
close client
close client
close client
close client
close client
close client
close client
close client
close client
close client
close client
close client
close client
close client
close client
close client
close client
close client
close client
close client
close client
close client
close client
close client
close client
close client
close client
close client
close client
close client
close client
close client
close client
close client
close client
close client
close client
close client
close client
close client
close client
close client
close client
close client
close client
close client
close client
close client
close client
close client
close client
close client
close client
close client
close client
close client
close client
close client
close client
close client
close client
close client
close client
close client
close client
close client
close client
close client
close client
close client
close client
close client
close client
close client
close client
close client
close client
close client
close client
close client
close client
close client
close client
close client
close client
close client
close client
close client
close client
close client
close client
close client
close client
close client
close client
close client
close client
close client
close client
close client
close client
close client
close client
close client
close client
close client
close client
close client
close client
close client
close client
close client
close client
close client
close client
close client
close client
close client
close client
close client
close client
close client
close client
close client
close client
close client
close client
close client
close client
close client
close client
close client
close client
close client
close client
close client
close client
close client
close client
close client
close client
close client
close client
close client
close client
close client
close client
close client
close client
close client
close client
close client
close client
close client
close client
close client
close client
close client
close client
close client
close client
close client
close client
close client
close client
close client
close client
close client
close client
close client
close client
close client
close client
close client
close client
close client
close client
close client
close client
close client
close client
close client
close client
close client
close client
close client
close client
close client
close client
close client
close client
close client
close client
close client
close client
close client
close client
close client
close client
close client
close client
close client
close client
close client
close client
close client
close client
close client
close client
close client
close client
close client
close client
close client
close client
close client
close client
close client
close client
close client
close client
close client
close client
close client
close client
close client
close client
close client
close client
close client
close client
close client
close client
close client
close client
close client
close client
close client
close client
close client
close client
close client
close client
close client
close client
close client
close client
close client
close client
close client
close client
close client
close client
close client
close client
close client
close client
close client
close client
close client
close client
close client
close client
close client
close client
close client
close client
close client
close client
close client
close client
close client
close client
close client
close client
close client
close client
close client
close client
close client
close client
close client
close client
close client
close client
close client
close client
close client
close client
close client
close client
close client
close client
close client
close client
close client
close client
close client
close client
close client
close client
close client
close client
close client
close client
close client
close client
close client
close client
close client
close client
close client
close client
close client
close client
close client
close client
close client
close client
close client
close client
close client
close client
close client
close client
close client
close client
close client
close client
close client
close client
close client
close client
close client
close client
close client
close client
close client
close client
close client
close client
close client
close client
close client
close client
close client
close client
close client
close client
close client
close client
close client
close client
close client
close client
close client
close client
close client
close client
close client
close client
close client
close client
close client
close client
close client
close client
close client
close client
close client
close client
close client
close client
close client
close client
close client
close client
close client
close client
close client
close client
close client
close client
close client
close client
close client
close client
close client
close client
close client
close client
close client
close client
close client
close client
close client
close client
close client
close client
close client
close client
close client
close client
close client
close client
close client
close client
close client
close client
close client
close client
close client
close client
close client
close client
close client
close client
close client
close client
close client
close client
close client
close client
close client
close client
close client
close client
close client
close client
close client
close client
close client
close client
close client
close client
close client
close client
close client
close client
close client
close client
close client
close client
close client
close client
close client
close client
close client
close client
close client
close client
close client
close client
close client
close client
close client
close client
close client
close client
close client
close client
close client
close client
close client
close client
close client
close client
close client
close client
close client
close client
close client
close client
close client
close client
close client
close client
close client
close client
close client
close client
close client
close client
close client
close client
close client
close client
close client
close client
close client
close client
close client
close client
close client
close client
close client
close client
close client
close client
close client
close client
close client
close client
close client
close client
close client
close client
close client
close client
close client
close client
close client
close client
close client
close client
close client
close client
close client
close client
close client
close client
close client
close client
close client
close client
close client
close client
close client
close client
close client
close client
close client
close client
close client
close client
close client
close client
close client
close client
close client
close client
close client
close client
close client
close client
close client
close client
close client
close client
close client
close client
close client
close client
close client
close client
close client
close client
close client
close client
close client
close client
close client
close client
close client
close client
close client
close client
close client
close client
close client
close client
close client
close client
close client
close client
close client
close client
close client
close client
close client
close client
close client
close client
close client
close client
close client
close client
close client
close client
close client
close client
close client
close client
close client
close client
close client
close client
close client
close client
close client
close client
close client
close client
close client
close client
close client
close client
close client
close client
close client
close client
close client
close client
close client
close client
close client
close client
close client
close client
close client
close client
close client
close client
close client
close client
close client
close client
close client
close client
close client
close client
close client
close client
close client
close client
close client
close client
close client
close client
close client
close client
close client
close client
close client
close client
close client
close client
close client
close client
close client
close client
close client
close client
close client
close client
close client
close client
close client
close client
close client
close client
close client
close client
close client
close client
close client
close client
close client
close client
close client
close client
close client
close client
close client
close client
close client
close client
close client
close client
close client
close client
close client
close client
close client
close client
close client
close client
close client
close client
close client
close client
close client
close client
close client
close client
close client
close client
close client
close client
close client
close client
close client
close client
close client
close client
close client
close client
close client
close client
close client
close client
close client
close client
close client
close client
close client
close client
close client
close client
close client
close client
close client
close client
close client
close client
close client
close client
close client
close client
close client
close client
close client
close client
close client
close client
close client
close client
close client
close client
close client
close client
close client
close client
close client
close client
close client
close client
close client
close client
close client
close client
close client
close client
close client
close client
close client
close client
close client
close client
close client
close client
close client
close client
close client
close client
close client
close client
close client
close client
close client
close client
close client
close client
close client
close client
close client
close client
close client
close client
close client
close client
close client
close client
close client
close client
close client
close client
close client
close client
close client
close client
close client
close client
close client
close client
close client
close client
close client
close client
close client
close client
close client
close client
close client
close client
close client
close client
close client
close client
close client
close client
close client
close client
close client
close client
close client
close client
close client
close client
close client
close client
close client
close client
close client
close client
close client
close client
close client
close client
close client
close client
close client
close client
close client
close client
close client
close client
close client
close client
close client
close client
close client
close client
close client
close client
close client
close client
close client
close client
close client
close client
close client
close client
close client
close client
close client
close client
close client
close client
close client
close client
close client
close client
close client
close client
close client
close client
close client
close client
close client
close client
close client
close client
close client
close client
close client
close client
close client
close client
close client
close client
close client
close client
close client
close client
close client
close client
close client
close client
close client
close client
close client
close client
close client
close client
close client
close client
close client
close client
close client
close client
close client
close client
close client
close client
close client
close client
close client
close client
close client
close client
close client
close client
close client
close client
close client
close client
close client
close client
close client
close client
close client
close client
close client
close client
close client
close client
close client
close client
close client
close client
close client
close client
close client
close client
close client
close client
close client
close client
close client
close client
close client
close client
close client
close client
close client
close client
close client
close client
close client
close client
close client
close client
close client
close client
close client
close client
close client
close client
close client
close client
close client
close client
close client
close client
close client
close client
close client
close client
close client
close client
close client
close client
close client
close client
close client
close client
close client
close client
close client
close client
close client
close client
close client
close client
close client
close client
close client
close client
close client
close client
close client
close client
close client
close client
close client
close client
close client
close client
close client
close client
close client
close client
close client
close client
close client
close client
close client
close client
close client
close client
close client
close client
close client
close client
close client
close client
close client
close client
close client
close client
close client
close client
close client
close client
close client
close client
close client
close client
close client
close client
close client
close client
close client
close client
close client
close client
close client
close client
close client
close client
close client
close client
close client
close client
close client
close client
close client
close client
close client
close client
close client
close client
close client
close client
close client
close client
close client
close client
close client
close client
close client
close client
close client
close client
close client
close client
close client
close client
close client
close client
close client
close client
close client
close client
close client
close client
close client
close client
close client
close client
close client
close client
close client
close client
close client
close client
close client
close client
close client
close client
close client
close client
close client
close client
close client
close client
close client
close client
close client
close client
close client
close client
close client
close client
close client
close client
close client
close client
close client
close client
close client
close client
close client
close client
close client
close client
close client
close client
close client
close client
close client
close client
close client
close client
close client
close client
close client
close client
close client
close client
close client
close client
close client
close client
close client
close client
close client
close client
close client
close client
close client
close client
close client
close client
close client
close client
close client
close client
close client
close client
close client
close client
close client
close client
close client
close client
close client
close client
close client
close client
close client
close client
close client
close client
close client
close client
close client
close client
close client
close client
close client
close client
close client
close client
close client
close client
close client
close client
close client
close client
close client
close client
close client
close client
close client
close client
close client
close client
close client
close client
close client
close client
close client
close client
close client
close client
close client
close client
close client
close client
close client
close client
close client
close client
close client
close client
close client
close client
close client
close client
close client
close client
close client
close client
close client
close client
close client
close client
close client
close client
close client
close client
close client
close client
close client
close client
close client
close client
close client
close client
close client
close client
close client
close client
close client
close client
close client
close client
close client
close client
close client
close client
close client
close client
close client
close client
close client
close client
close client
close client
close client
close client
close client
close client
close client
close client
close client
close client
close client
close client
close client
close client
close client
close client
close client
close client
close client
close client
close client
close client
close client
close client
close client
close client
close client
close client
close client
close client
close client
close client
close client
close client
close client
close client
close client
close client
close client
close client
close client
close client
close client
close client
close client
close client
close client
close client
close client
close client
close client
close client
close client
close client
close client
close client
close client
close client
close client
close client
close client
close client
close client
close client
close client
close client
close client
close client
close client
close client
close client
close client
close client
close client
close client
close client
close client
close client
close client
close client
close client
close client
close client
close client
close client
close client
close client
close client
close client
close client
close client
close client
close client
close client
close client
close client
close client
close client
close client
close client
close client
close client
close client
close client
close client
close client
close client
close client
close client
close client
close client
close client
close client
close client
close client
close client
close client
close client
close client
close client
close client
close client
close client
close client
close client
close client
close client
close client
close client
close client
close client
close client
close client
close client
close client
close client
close client
close client
close client
close client
close client
close client
close client
close client
close client
close client
close client
close client
close client
close client
close client
close client
close client
close client
close client
close client
close client
close client
close client
close client
close client
close client
close client
close client
close client
close client
close client
close client
close client
close client
close client
close client
close client
close client
close client
close client
close client
close client
close client
close client
close client
close client
close client
close client
close client
close client
close client
close client
close client
close client
close client
close client
close client
close client
close client
close client
close client
close client
close client
close client
close client
close client
close client
close client
close client
close client
close client
close client
close client
close client
close client
close client
close client
close client
close client
close client
close client
close client
close client
close client
close client
close client
close client
close client
close client
close client
close client
close client
close client
close client
close client
close client
close client
close client
close client
close client
close client
close client
close client
close client
close client
close client
close client
close client
close client
close client
close client
close client
close client
close client
close client
close client
close client
close client
close client
close client
close client
close client
close client
close client
close client
close client
close client
close client
close client
close client
close client
close client
close client
close client
close client
close client
close client
close client
close client
close client
close client
close client
close client
close client
close client
close client
close client
close client
close client
close client
close client
close client
close client
close client
close client
close client
close client
close client
close client
close client
close client
close client
close client
close client
close client
close client
close client
close client
close client
close client
close client
close client
close client
close client
close client
close client
close client
close client
close client
close client
close client
close client
close client
close client
close client
close client
close client
close client
close client
close client
close client
close client
close client
close client
close client
close client
close client
close client
close client
close client
close client
close client
close client
close client
close client
close client
close client
close client
close client
close client
close client
close client
close client
close client
close client
close client
close client
close client
close client
close client
close client
close client
close client
close client
close client
close client
close client
close client
close client
close client
close client
close client
close client
close client
close client
close client
close client
close client
close client
close client
close client
close client
close client
close client
close client
close client
close client
close client
close client
close client
close client
close client
close client
close client
close client
close client
close client
close client
close client
close client
close client
close client
close client
close client
close client
close client
close client
close client
close client
close client
close client
close client
close client
close client
close client
close client
close client
close client
close client
close client
close client
close client
close client
close client
close client
close client
close client
close client
close client
close client
close client
close client
close client
close client
close client
close client
close client
close client
close client
close client
close client
close client
close client
close client
close client
close client
close client
close client
close client
close client
close client
close client
close client
close client
close client
close client
close client
close client
close client
close client
close client
close client
close client
close client
close client
close client
close client
close client
close client
close client
close client
close client
close client
close client
close client
close client
close client
close client
close client
close client
close client
close client
close client
close client
close client
close client
close client
close client
close client
close client
close client
close client
close client
close client
close client
close client
close client
close client
close client
close client
close client
close client
close client
close client
close client
close client
close client
close client
close client
close client
close client
close client
close client
close client
close client
close client
close client
close client
close client
close client
close client
close client
close client
close client
close client
close client
close client
close client
close client
close client
close client
close client
close client
close client
close client
close client
close client
close client
close client
close client
close client
close client
close client
close client
close client
close client
close client
close client
close client
close client
close client
close client
close client
close client
close client
close client
close client
close client
close client
close client
close client
close client
close client
close client
close client
close client
close client
close client
close client
close client
close client
close client
close client
close client
close client
close client
close client
close client
close client
close client
close client
close client
close client
close client
close client
close client
close client
close client
close client
close client
close client
close client
close client
close client
close client
close client
close client
close client
close client
close client
close client
close client
close client
close client
close client
close client
close client
close client
close client
close client
close client
close client
close client
close client
close client
close client
close client
close client
close client
close client
close client
close client
close client
close client
close client
close client
close client
close client
close client
close client
close client
close client
close client
close client
close client
close client
close client
close client
close client
close client
close client
close client
close client
close client
close client
close client
close client
close client
close client
close client
close client
close client
close client
close client
close client
close client
close client
close client
close client
close client
close client
close client
close client
close client
close client
close client
close client
close client
close client
close client
close client
close client
close client
close client
close client
close client
close client
close client
close client
close client
close client
close client
close client
close client
close client
close client
close client
close client
close client
close client
close client
close client
close client
close client
close client
close client
close client
close client
close client
close client
close client
close client
close client
close client
close client
close client
close client
close client
close client
close client
close client
close client
close client
close client
close client
close client
close client
close client
close client
close client
close client
close client
close client
close client
close client
close client
close client
close client
close client
close client
close client
close client
close client
close client
close client
close client
close client
close client
close client
close client
close client
close client
close client
close client
close client
close client
close client
close client
close client
close client
close client
close client
close client
close client
close client
close client
close client
close client
close client
close client
close client
close client
close client
close client
close client
close client
close client
close client
close client
close client
close client
close client
close client
close client
close client
close client
close client
close client
close client
close client
close client
close client
close client
close client
close client
close client
close client
close client
close client
close client
close client
close client
close client
close client
close client
close client
close client
close client
close client
close client
close client
close client
close client
close client
close client
close client
close client
close client
close client
close client
close client
close client
close client
close client
close client
close client
close client
close client
close client
close client
close client
close client
close client
close client
close client
close client
close client
close client
close client
close client
close client
close client
close client
close client
close client
close client
close client
close client
close client
close client
close client
close client
close client
close client
close client
close client
close client
close client
close client
close client
close client
close client
close client
close client
close client
close client
close client
close client
close client
close client
close client
close client
close client
close client
close client
close client
close client
close client
close client
close client
close client
close client
close client
close client
close client
close client
close client
close client
close client
close client
close client
close client
close client
close client
close client
close client
close client
close client
close client
close client
close client
close client
close client
close client
close client
close client
close client
close client
close client
close client
close client
close client
close client
close client
close client
close client
close client
close client
close client
close client
close client
close client
close client
close client
close client
close client
close client
close client
close client
close client
close client
close client
close client
close client
close client
close client
close client
close client
close client
close client
close client
close client
close client
close client
close client
close client
close client
close client
close client
close client
close client
close client
close client
close client
close client
close client
close client
close client
close client
close client
close client
close client
close client
close client
close client
close client
close client
close client
close client
close client
close client
close client
close client
close client
close client
close client
close client
close client
close client
close client
close client
close client
close client
close client
close client
close client
close client
close client
close client
close client
close client
close client
close client
close client
close client
close client
close client
close client
close client
close client
close client
close client
close client
close client
close client
close client
close client
close client
close client
close client
close client
close client
close client
close client
close client
close client
close client
close client
close client
close client
close client
close client
close client
close client
close client
close client
close client
close client
close client
close client
close client
close client
close client
close client
close client
close client
close client
close client
close client
close client
close client
close client
close client
close client
close client
close client
close client
close client
close client
close client
close client
close client
close client
close client
close client
close client
close client
close client
close client
close client
close client
close client
close client
close client
close client
close client
close client
close client
close client
close client
close client
close client
close client
close client
close client
close client
close client
close client
close client
close client
close client
close client
close client
close client
close client
close client
close client
close client
close client
close client
close client
close client
close client
close client
close client
close client
close client
close client
close client
close client
close client
close client
close client
close client
close client
close client
close client
close client
close client
close client
close client
close client
close client
close client
close client
close client
close client
close client
close client
close client
close client
close client
close client
close client
close client
close client
close client
close client
close client
close client
close client
close client
close client
close client
close client
close client
close client
close client
close client
close client
close client
close client
close client
close client
close client
close client
close client
close client
close client
close client
close client
close client
close client
close client
close client
close client
close client
close client
close client
close client
close client
close client
close client
close client
close client
close client
close client
close client
close client
close client
close client
close client
close client
close client
close client
close client
close client
close client
close client
close client
close client
close client
close client
close client
close client
close client
close client
close client
close client
close client
close client
close client
close client
close client
close client
close client
close client
close client
close client
close client
close client
close client
close client
close client
close client
close client
close client
close client
close client
close client
close client
close client
close client
close client
close client
close client
close client
close client
close client
close client
close client
close client
close client
close client
close client
close client
close client
close client
close client
close client
close client
close client
close client
close client
close client
close client
close client
close client
close client
close client
close client
close client
close client
close client
close client
close client
close client
close client
close client
close client
close client
close client
close client
close client
close client
close client
close client
close client
close client
close client
close client
close client
close client
close client
close client
close client
close client
close client
close client
close client
close client
close client
close client
close client
close client
close client
close client
close client
close client
close client
close client
close client
close client
close client
close client
close client
close client
close client
close client
close client
close client
close client
close client
close client
close client
close client
close client
close client
close client
close client
close client
close client
close client
close client
close client
close client
close client
close client
close client
close client
close client
close client
close client
close client
close client
close client
close client
close client
close client
close client
close client
close client
close client
close client
close client
close client
close client
close client
close client
close client
close client
close client
close client
close client
close client
close client
close client
close client
close client
close client
close client
close client
close client
close client
close client
close client
close client
close client
close client
close client
close client
close client
close client
close client
close client
close client
close client
close client
close client
close client
close client
close client
close client
close client
close client
close client
close client
close client
close client
close client
close client
close client
close client
close client
close client
close client
close client
close client
close client
close client
close client
close client
close client
close client
close client
close client
close client
close client
close client
close client
close client
close client
close client
close client
close client
close client
close client
close client
close client
close client
close client
close client
close client
close client
close client
close client
close client
close client
close client
close client
close client
close client
close client
close client
close client
close client
close client
close client
close client
close client
close client
close client
close client
close client
close client
close client
close client
close client
close client
close client
close client
close client
close client
close client
close client
close client
close client
close client
close client
close client
close client
close client
close client
close client
close client
close client
close client
close client
close client
close client
close client
close client
close client
close client
close client
close client
close client
close client
close client
close client
close client
close client
close client
close client
close client
close client
close client
close client
close client
close client
close client
close client
close client
close client
close client
close client
close client
close client
close client
close client
close client
close client
close client
close client
close client
close client
close client
close client
close client
close client
close client
close client
close client
close client
close client
close client
close client
close client
close client
close client
close client
close client
close client
close client
close client
close client
close client
close client
close client
close client
close client
close client
close client
close client
close client
close client
close client
close client
close client
close client
close client
close client
close client
close client
close client
close client
close client
close client
close client
close client
close client
close client
close client
close client
close client
close client
close client
close client
close client
close client
close client
close client
close client
close client
close client
close client
close client
close client
close client
close client
close client
close client
close client
close client
close client
close client
close client
close client
close client
close client
close client
close client
close client
close client
close client
close client
close client
close client
close client
close client
close client
close client
close client
close client
close client
close client
close client
close client
close client
close client
close client
close client
close client
close client
close client
close client
close client
close client
close client
close client
close client
close client
close client
close client
close client
close client
close client
close client
close client
close client
close client
close client
close client
close client
close client
close client
close client
close client
close client
close client
close client
close client
close client
close client
close client
close client
close client
close client
close client
close client
close client
close client
close client
close client
close client
close client
close client
close client
close client
close client
close client
close client
close client
close client
close client
close client
close client
close client
close client
close client
close client
close client
close client
close client
close client
close client
close client
close client
close client
close client
close client
close client
close client
close client
close client
close client
close client
close client
close client
close client
close client
close client
close client
close client
close client
close client
close client
close client
close client
close client
close client
close client
close client
close client
close client
close client
close client
close client
close client
close client
close client
close client
close client
close client
close client
close client
close client
close client
close client
close client
close client
close client
close client
close client
close client
close client
close client
close client
close client
close client
close client
close client
close client
close client
close client
close client
close client
close client
close client
close client
close client
close client
close client
close client
close client
close client
close client
close client
close client
close client
close client
close client
close client
close client
close client
close client
close client
close client
close client
close client
close client
close client
close client
close client
close client
close client
close client
close client
close client
close client
close client
close client
close client
close client
close client
close client
close client
close client
close client
close client
close client
close client
close client
close client
close client
close client
close client
close client
close client
close client
close client
close client
close client
close client
close client
close client
close client
close client
close client
close client
close client
close client
close client
close client
close client
close client
close client
close client
close client
close client
close client
close client
close client
close client
close client
close client
close client
close client
close client
close client
close client
close client
close client
close client
close client
close client
close client
close client
close client
close client
close client
close client
close client
close client
close client
close client
close client
close client
close client
close client
close client
close client
close client
close client
close client
close client
close client
close client
close client
close client
close client
new client:6
new client:7
new client:8
new client:9
new client:10
new client:11
new client:12
new client:13
new client:14
new client:15
new client:16
new client:17
new client:18
new client:19
new client:20
new client:21
new client:22
new client:23
new client:24
new client:26
new client:27
new client:28
new client:30
new client:31
new client:32
new client:33
new client:34
new client:35
new client:36
new client:37
new client:38
new client:39
new client:40
new client:41
new client:42
new client:43
new client:44
new client:45
new client:46
new client:47
new client:48
new client:49
new client:50
new client:51
new client:52
new client:53
new client:54
new client:55
new client:56
new client:57
new client:58
new client:59
new client:60
new client:61
new client:62
new client:63
new client:64
new client:65
new client:66
new client:67
new client:68
new client:69
new client:70
new client:71
new client:72
new client:73
new client:74
new client:75
new client:76
new client:77
new client:78
new client:79
new client:80
new client:81
new client:82
new client:83
new client:84
new client:85
new client:86
new client:87
new client:88
new client:89
new client:90
new client:91
new client:92
new client:93
new client:94
new client:95
new client:96
new client:97
new client:98
new client:99
new client:100
new client:101
new client:102
new client:103
new client:104
new client:105
new client:106
new client:107
new client:108
new client:109
new client:110
new client:111
new client:112
new client:113
new client:114
new client:115
new client:116
new client:117
new client:118
new client:119
new client:120
new client:121
new client:122
new client:123
new client:124
new client:125
new client:126
new client:127
new client:128
new client:129
new client:130
new client:131
new client:132
new client:133
new client:134
new client:135
new client:136
new client:137
new client:138
new client:139
new client:140
new client:141
new client:142
new client:143
new client:144
new client:145
new client:146
new client:147
new client:148
new client:149
new client:150
new client:151
new client:152
new client:153
new client:154
new client:155
new client:156
new client:157
new client:158
new client:159
new client:160
new client:161
new client:162
new client:163
new client:164
new client:165
new client:166
new client:167
new client:168
new client:169
new client:170
new client:171
new client:172
new client:173
new client:174
new client:175
new client:176
new client:177
new client:178
new client:179
new client:180
new client:181
new client:182
new client:183
new client:184
new client:185
new client:186
new client:187
new client:188
new client:189
new client:190
new client:191
new client:192
new client:193
new client:194
new client:195
new client:196
new client:197
new client:198
new client:199
new client:200
new client:201
new client:202
new client:203
new client:204
new client:205
new client:206
new client:207
new client:208
new client:209
new client:210
new client:211
new client:212
new client:213
new client:214
new client:215
new client:216
new client:217
new client:218
new client:219
new client:220
new client:221
new client:222
new client:223
new client:224
new client:225
new client:226
new client:227
new client:228
new client:229
new client:230
new client:231
new client:232
new client:233
new client:234
new client:235
new client:236
new client:237
new client:238
new client:239
new client:240
new client:241
new client:242
new client:243
new client:244
new client:245
new client:246
new client:247
new client:248
new client:249
new client:250
new client:251
new client:252
new client:253
new client:254
new client:255
new client:256
new client:257
new client:258
new client:259
new client:260
new client:261
new client:262
new client:263
new client:264
new client:265
new client:266
new client:267
new client:268
new client:269
new client:270
new client:271
new client:272
new client:273
new client:274
new client:275
new client:276
new client:277
new client:278
new client:279
new client:280
new client:281
new client:282
new client:283
new client:284
new client:285
new client:286
new client:287
new client:288
new client:289
new client:290
new client:291
new client:292
new client:293
new client:294
new client:295
new client:296
new client:297
new client:298
new client:299
new client:300
new client:301
new client:302
new client:303
new client:304
new client:305
new client:306
new client:307
new client:308
new client:309
new client:310
new client:311
new client:312
new client:313
new client:314
new client:315
new client:316
new client:317
new client:318
new client:319
new client:320
new client:321
new client:322
new client:323
new client:324
new client:325
new client:326
new client:327
new client:328
new client:329
new client:330
new client:331
new client:332
new client:333
new client:334
new client:335
new client:336
new client:337
new client:338
new client:339
new client:340
new client:341
new client:342
new client:343
new client:344
new client:345
new client:346
new client:347
new client:348
new client:349
new client:350
new client:351
new client:352
new client:353
new client:354
new client:355
new client:356
new client:357
new client:358
new client:359
new client:360
new client:361
new client:362
new client:363
new client:364
new client:365
new client:366
new client:367
new client:368
new client:369
new client:370
new client:371
new client:372
new client:373
new client:374
new client:375
new client:376
new client:377
new client:378
new client:379
new client:380
new client:381
new client:382
new client:383
new client:384
new client:385
new client:386
new client:387
new client:388
new client:389
new client:390
new client:391
new client:392
new client:393
new client:394
new client:395
new client:396
new client:397
new client:398
new client:399
new client:400
new client:401
new client:402
new client:403
new client:404
new client:405
new client:406
new client:407
new client:408
new client:409
new client:410
new client:411
new client:412
new client:413
new client:414
new client:415
new client:416
new client:417
new client:418
new client:419
new client:420
new client:421
new client:422
new client:423
new client:424
new client:425
new client:426
new client:427
new client:428
new client:429
new client:430
new client:431
new client:432
new client:433
new client:434
new client:435
new client:436
new client:437
new client:438
new client:439
new client:440
new client:441
new client:442
new client:443
new client:444
new client:445
new client:446
new client:447
new client:448
new client:449
new client:450
new client:451
new client:452
new client:453
new client:454
new client:455
new client:456
new client:457
new client:458
new client:459
new client:460
new client:461
new client:462
new client:463
new client:464
new client:465
new client:466
new client:467
new client:468
new client:469
new client:470
new client:471
new client:472
new client:473
new client:474
new client:475
new client:476
new client:477
new client:478
new client:479
new client:480
new client:481
new client:482
new client:483
new client:484
new client:485
new client:486
new client:487
new client:488
new client:489
new client:490
new client:491
new client:492
new client:493
new client:494
new client:495
new client:496
new client:497
new client:498
new client:499
new client:500
new client:501
new client:502
new client:503
new client:504
new client:505
new client:506
new client:507
new client:508
new client:509
new client:510
new client:511
new client:512
new client:513
new client:514
new client:515
new client:516
new client:517
new client:518
new client:519
new client:520
new client:521
new client:522
new client:523
new client:524
new client:525
new client:526
new client:527
new client:528
new client:529
new client:530
new client:531
new client:532
new client:533
new client:534
new client:535
new client:536
new client:537
new client:538
new client:539
new client:540
new client:541
new client:542
new client:543
new client:544
new client:545
new client:546
new client:547
new client:548
new client:549
new client:550
new client:551
new client:552
new client:553
new client:554
new client:555
new client:556
new client:557
new client:558
new client:559
new client:560
new client:561
new client:562
new client:563
new client:564
new client:565
new client:566
new client:567
new client:568
new client:569
new client:570
new client:571
new client:572
new client:573
new client:574
new client:575
new client:576
new client:577
new client:578
new client:579
new client:580
new client:581
new client:582
new client:583
new client:584
new client:585
new client:586
new client:587
new client:588
new client:589
new client:590
new client:591
new client:592
new client:593
new client:594
new client:595
new client:596
new client:597
new client:598
new client:599
new client:600
new client:601
new client:602
new client:603
new client:604
new client:605
new client:606
new client:607
new client:608
new client:609
new client:610
new client:611
new client:612
new client:613
new client:614
new client:615
new client:616
new client:617
new client:618
new client:619
new client:620
new client:621
new client:622
new client:623
new client:624
new client:625
new client:626
new client:627
new client:628
new client:629
new client:630
new client:631
new client:632
new client:633
new client:634
new client:635
new client:636
new client:637
new client:638
new client:639
new client:640
new client:641
new client:642
new client:643
new client:644
new client:645
new client:646
new client:647
new client:648
new client:649
new client:650
new client:651
new client:652
new client:653
new client:654
new client:655
new client:656
new client:657
new client:658
new client:659
new client:660
new client:661
new client:662
new client:663
new client:664
new client:665
new client:666
new client:667
new client:668
new client:669
new client:670
new client:671
new client:672
new client:673
new client:674
new client:675
new client:676
new client:677
new client:678
new client:679
new client:680
new client:681
new client:682
new client:683
new client:684
new client:685
new client:686
new client:687
new client:688
new client:689
new client:690
new client:691
new client:692
new client:693
new client:694
new client:695
new client:696
new client:697
new client:698
new client:699
new client:700
new client:701
new client:702
new client:703
new client:704
new client:705
new client:706
new client:707
new client:708
new client:709
new client:710
new client:711
new client:712
new client:713
new client:714
new client:715
new client:716
new client:717
new client:718
new client:719
new client:720
new client:721
new client:722
new client:723
new client:724
new client:725
new client:726
new client:727
new client:728
new client:729
new client:730
new client:731
new client:732
new client:733
new client:734
new client:735
new client:736
new client:737
new client:738
new client:739
new client:740
new client:741
new client:742
new client:743
new client:744
new client:745
new client:746
new client:747
new client:748
new client:749
new client:750
new client:751
new client:752
new client:753
new client:754
new client:755
new client:756
new client:757
new client:758
new client:759
new client:760
new client:761
new client:762
new client:763
new client:764
new client:765
new client:766
new client:767
new client:768
new client:769
new client:770
new client:771
new client:772
new client:773
new client:774
new client:775
new client:776
new client:777
new client:778
new client:779
new client:780
new client:781
new client:782
new client:783
new client:784
new client:785
new client:786
new client:787
new client:788
new client:789
new client:790
new client:791
new client:792
new client:793
new client:794
new client:795
new client:796
new client:797
new client:798
new client:799
new client:800
new client:801
new client:802
new client:803
new client:804
new client:805
new client:806
new client:807
new client:808
new client:809
new client:810
new client:811
new client:812
new client:813
new client:814
new client:815
new client:816
new client:817
new client:818
new client:819
new client:820
new client:821
new client:822
new client:823
new client:824
new client:825
new client:826
new client:827
new client:828
new client:829
new client:830
new client:831
new client:832
new client:833
new client:834
new client:835
new client:836
new client:837
new client:838
new client:839
new client:840
new client:841
new client:842
new client:843
new client:844
new client:845
new client:846
new client:847
new client:848
new client:849
new client:850
new client:851
new client:852
new client:853
new client:854
new client:855
new client:856
new client:857
new client:858
new client:859
new client:860
new client:861
new client:862
new client:863
new client:864
new client:865
new client:866
new client:867
new client:868
new client:869
new client:870
new client:871
new client:872
new client:873
new client:874
new client:875
new client:876
new client:877
new client:878
new client:879
new client:880
new client:881
new client:882
new client:883
new client:884
new client:885
new client:886
new client:887
new client:888
new client:889
new client:890
new client:891
new client:892
new client:893
new client:894
new client:895
new client:896
new client:897
new client:898
new client:899
new client:900
new client:901
new client:902
new client:903
new client:904
new client:905
new client:906
new client:907
new client:908
new client:909
new client:910
new client:911
new client:912
new client:913
new client:914
new client:915
new client:916
new client:917
new client:918
new client:919
new client:920
new client:921
new client:922
new client:923
new client:924
new client:925
new client:926
new client:927
new client:928
new client:929
new client:930
new client:931
new client:932
new client:933
new client:934
new client:935
new client:936
new client:937
new client:938
new client:939
new client:940
new client:941
new client:942
new client:943
new client:944
new client:945
new client:946
new client:947
new client:948
new client:949
new client:950
new client:951
new client:952
new client:953
new client:954
new client:955
new client:956
new client:957
new client:958
new client:959
new client:960
new client:961
new client:962
new client:963
new client:964
new client:965
new client:966
new client:967
new client:968
new client:969
new client:970
new client:971
new client:972
new client:973
new client:974
new client:975
new client:976
new client:977
new client:978
new client:979
new client:980
new client:981
new client:982
new client:983
new client:984
new client:985
new client:986
new client:987
new client:988
new client:989
new client:990
new client:991
new client:992
new client:993
new client:994
new client:995
new client:996
new client:997
new client:998
new client:999
new client:1000
new client:1001
new client:1002
new client:1003
new client:1004
new client:1005
new client:1006
new client:1007
new client:1008
new client:1009
new client:1010
new client:1011
new client:1012
new client:1013
new client:1014
new client:1015
new client:1016
new client:1017
new client:1018
new client:1019
new client:1020
new client:1021
new client:1022
new client:1023
new client:1024
new client:1025
new client:1026
new client:1027
new client:1028
new client:1029
new client:1030
new client:1031
new client:1032
new client:1033
new client:1034
new client:1035
new client:1036
new client:1037
new client:1038
new client:1039
new client:1040
new client:1041
new client:1042
new client:1043
new client:1044
new client:1045
new client:1046
new client:1047
new client:1048
new client:1049
new client:1050
new client:1051
new client:1052
new client:1053
new client:1054
new client:1055
new client:1056
new client:1057
new client:1058
new client:1059
new client:1060
new client:1061
new client:1062
new client:1063
new client:1064
new client:1065
new client:1066
new client:1067
new client:1068
new client:1069
new client:1070
new client:1071
new client:1072
new client:1073
new client:1074
new client:1075
new client:1076
new client:1077
new client:1078
new client:1079
new client:1080
new client:1081
new client:1082
new client:1083
new client:1084
new client:1085
new client:1086
new client:1087
new client:1088
new client:1089
new client:1090
new client:1091
new client:1092
new client:1093
new client:1094
new client:1095
new client:1096
new client:1097
new client:1098
new client:1099
new client:1100
new client:1101
new client:1102
new client:1103
new client:1104
new client:1105
new client:1106
new client:1107
new client:1108
new client:1109
new client:1110
new client:1111
new client:1112
new client:1113
new client:1114
new client:1115
new client:1116
new client:1117
new client:1118
new client:1119
new client:1120
new client:1121
new client:1122
new client:1123
new client:1124
new client:1125
new client:1126
new client:1127
new client:1128
new client:1129
new client:1130
new client:1131
new client:1132
new client:1133
new client:1134
new client:1135
new client:1136
new client:1137
new client:1138
new client:1139
new client:1140
new client:1141
new client:1142
new client:1143
new client:1144
new client:1145
new client:1146
new client:1147
new client:1148
new client:1149
new client:1150
new client:1151
new client:1152
new client:1153
new client:1154
new client:1155
new client:1156
new client:1157
new client:1158
new client:1159
new client:1160
new client:1161
new client:1162
new client:1163
new client:1164
new client:1165
new client:1166
new client:1167
new client:1168
new client:1169
new client:1170
new client:1171
new client:1172
new client:1173
new client:1174
new client:1175
new client:1176
new client:1177
new client:1178
new client:1179
new client:1180
new client:1181
new client:1182
new client:1183
new client:1184
new client:1185
new client:1186
new client:1187
new client:1188
new client:1189
new client:1190
new client:1191
new client:1192
new client:1193
new client:1194
new client:1195
new client:1196
new client:1197
new client:1198
new client:1199
new client:1200
new client:1201
new client:1202
new client:1203
new client:1204
new client:1205
new client:1206
new client:1207
new client:1208
new client:1209
new client:1210
new client:1211
new client:1212
new client:1213
new client:1214
new client:1215
new client:1216
new client:1217
new client:1218
new client:1219
new client:1220
new client:1221
new client:1222
new client:1223
new client:1224
new client:1225
new client:1226
new client:1227
new client:1228
new client:1229
new client:1230
new client:1231
new client:1232
new client:1233
new client:1234
new client:1235
new client:1236
new client:1237
new client:1238
new client:1239
new client:1240
new client:1241
new client:1242
new client:1243
new client:1244
new client:1245
new client:1246
new client:1247
new client:1248
new client:1249
new client:1250
new client:1251
new client:1252
new client:1253
new client:1254
new client:1255
new client:1256
new client:1257
new client:1258
new client:1259
new client:1260
new client:1261
new client:1262
new client:1263
new client:1264
new client:1265
new client:1266
new client:1267
new client:1268
new client:1269
new client:1270
new client:1271
new client:1272
new client:1273
new client:1274
new client:1275
new client:1276
new client:1277
new client:1278
new client:1279
new client:1280
new client:1281
new client:1282
new client:1283
new client:1284
new client:1285
new client:1286
new client:1287
new client:1288
new client:1289
new client:1290
new client:1291
new client:1292
new client:1293
new client:1294
new client:1295
new client:1296
new client:1297
new client:1298
new client:1299
new client:1300
new client:1301
new client:1302
new client:1303
new client:1304
new client:1305
new client:1306
new client:1307
new client:1308
new client:1309
new client:1310
new client:1311
new client:1312
new client:1313
new client:1314
new client:1315
new client:1316
new client:1317
new client:1318
new client:1319
new client:1320
new client:1321
new client:1322
new client:1323
new client:1324
new client:1325
new client:1326
new client:1327
new client:1328
new client:1329
new client:1330
new client:1331
new client:1332
new client:1333
new client:1334
new client:1335
new client:1336
new client:1337
new client:1338
new client:1339
new client:1340
new client:1341
new client:1342
new client:1343
new client:1344
new client:1345
new client:1346
new client:1347
new client:1348
new client:1349
new client:1350
new client:1351
new client:1352
new client:1353
new client:1354
new client:1355
new client:1356
new client:1357
new client:1358
new client:1359
new client:1360
new client:1361
new client:1362
new client:1363
new client:1364
new client:1365
new client:1366
new client:1367
new client:1368
new client:1369
new client:1370
new client:1371
new client:1372
new client:1373
new client:1374
new client:1375
new client:1376
new client:1377
new client:1378
new client:1379
new client:1380
new client:1381
new client:1382
new client:1383
new client:1384
new client:1385
new client:1386
new client:1387
new client:1388
new client:1389
new client:1390
new client:1391
new client:1392
new client:1393
new client:1394
new client:1395
new client:1396
new client:1397
new client:1398
new client:1399
new client:1400
new client:1401
new client:1402
new client:1403
new client:1404
new client:1405
new client:1406
new client:1407
new client:1408
new client:1409
new client:1410
new client:1411
new client:1412
new client:1413
new client:1414
new client:1415
new client:1416
new client:1417
new client:1418
new client:1419
new client:1420
new client:1421
new client:1422
new client:1423
new client:1424
new client:1425
new client:1426
new client:1427
new client:1428
new client:1429
new client:1430
new client:1431
new client:1432
new client:1433
new client:1434
new client:1435
new client:1436
new client:1437
new client:1438
new client:1439
new client:1440
new client:1441
new client:1442
new client:1443
new client:1444
new client:1445
new client:1446
new client:1447
new client:1448
new client:1449
new client:1450
new client:1451
new client:1452
new client:1453
new client:1454
new client:1455
new client:1456
new client:1457
new client:1458
new client:1459
new client:1460
new client:1461
new client:1462
new client:1463
new client:1464
new client:1465
new client:1466
new client:1467
new client:1468
new client:1469
new client:1470
new client:1471
new client:1472
new client:1473
new client:1474
new client:1475
new client:1476
new client:1477
new client:1478
new client:1479
new client:1480
new client:1481
new client:1482
new client:1483
new client:1484
new client:1485
new client:1486
new client:1487
new client:1488
new client:1489
new client:1490
new client:1491
new client:1492
new client:1493
new client:1494
new client:1495
new client:1496
new client:1497
new client:1498
new client:1499
new client:1500
new client:1501
new client:1502
new client:1503
new client:1504
new client:1505
new client:1506
new client:1507
new client:1508
new client:1509
new client:1510
new client:1511
new client:1512
new client:1513
new client:1514
new client:1515
new client:1516
new client:1517
new client:1518
new client:1519
new client:1520
new client:1521
new client:1522
new client:1523
new client:1524
new client:1525
new client:1526
new client:1527
new client:1528
new client:1529
new client:1530
new client:1531
new client:1532
new client:1533
new client:1534
new client:1535
new client:1536
new client:1537
new client:1538
new client:1539
new client:1540
new client:1541
new client:1542
new client:1543
new client:1544
new client:1545
new client:1546
new client:1547
new client:1548
new client:1549
new client:1550
new client:1551
new client:1552
new client:1553
new client:1554
new client:1555
new client:1556
new client:1557
new client:1558
new client:1559
new client:1560
new client:1561
new client:1562
new client:1563
new client:1564
new client:1565
new client:1566
new client:1567
new client:1568
new client:1569
new client:1570
new client:1571
new client:1572
new client:1573
new client:1574
new client:1575
new client:1576
new client:1577
new client:1578
new client:1579
new client:1580
new client:1581
new client:1582
new client:1583
new client:1584
new client:1585
new client:1586
new client:1587
new client:1588
new client:1589
new client:1590
new client:1591
new client:1592
new client:1593
new client:1594
new client:1595
new client:1596
new client:1597
new client:1598
new client:1599
new client:1600
new client:1601
new client:1602
new client:1603
new client:1604
new client:1605
new client:1606
new client:1607
new client:1608
new client:1609
new client:1610
new client:1611
new client:1612
new client:1613
new client:1614
new client:1615
new client:1616
new client:1617
new client:1618
new client:1619
new client:1620
new client:1621
new client:1622
new client:1623
new client:1624
new client:1625
new client:1626
new client:1627
new client:1628
new client:1629
new client:1630
new client:1631
new client:1632
new client:1633
new client:1634
new client:1635
new client:1636
new client:1637
new client:1638
new client:1639
new client:1640
new client:1641
new client:1642
new client:1643
new client:1644
new client:1645
new client:1646
new client:1647
new client:1648
new client:1649
new client:1650
new client:1651
new client:1652
new client:1653
new client:1654
new client:1655
new client:1656
new client:1657
new client:1658
new client:1659
new client:1660
new client:1661
new client:1662
new client:1663
new client:1664
new client:1665
new client:1666
new client:1667
new client:1668
new client:1669
new client:1670
new client:1671
new client:1672
new client:1673
new client:1674
new client:1675
new client:1676
new client:1677
new client:1678
new client:1679
new client:1680
new client:1681
new client:1682
new client:1683
new client:1684
new client:1685
new client:1686
new client:1687
new client:1688
new client:1689
new client:1690
new client:1691
new client:1692
new client:1693
new client:1694
new client:1695
new client:1696
new client:1697
new client:1698
new client:1699
new client:1700
new client:1701
new client:1702
new client:1703
new client:1704
new client:1705
new client:1706
new client:1707
new client:1708
new client:1709
new client:1710
new client:1711
new client:1712
new client:1713
new client:1714
new client:1715
new client:1716
new client:1717
new client:1718
new client:1719
new client:1720
new client:1721
new client:1722
new client:1723
new client:1724
new client:1725
new client:1726
new client:1727
new client:1728
new client:1729
new client:1730
new client:1731
new client:1732
new client:1733
new client:1734
new client:1735
new client:1736
new client:1737
new client:1738
new client:1739
new client:1740
new client:1741
new client:1742
new client:1743
new client:1744
new client:1745
new client:1746
new client:1747
new client:1748
new client:1749
new client:1750
new client:1751
new client:1752
new client:1753
new client:1754
new client:1755
new client:1756
new client:1757
new client:1758
new client:1759
new client:1760
new client:1761
new client:1762
new client:1763
new client:1764
new client:1765
new client:1766
new client:1767
new client:1768
new client:1769
new client:1770
new client:1771
new client:1772
new client:1773
new client:1774
new client:1775
new client:1776
new client:1777
new client:1778
new client:1779
new client:1780
new client:1781
new client:1782
new client:1783
new client:1784
new client:1785
new client:1786
new client:1787
new client:1788
new client:1789
new client:1790
new client:1791
new client:1792
new client:1793
new client:1794
new client:1795
new client:1796
new client:1797
new client:1798
new client:1799
new client:1800
new client:1801
new client:1802
new client:1803
new client:1804
new client:1805
new client:1806
new client:1807
new client:1808
new client:1809
new client:1810
new client:1811
new client:1812
new client:1813
new client:1814
new client:1815
new client:1816
new client:1817
new client:1818
new client:1819
new client:1820
new client:1821
new client:1822
new client:1823
new client:1824
new client:1825
new client:1826
new client:1827
new client:1828
new client:1829
new client:1830
new client:1831
new client:1832
new client:1833
new client:1834
new client:1835
new client:1836
new client:1837
new client:1838
new client:1839
new client:1840
new client:1841
new client:1842
new client:1843
new client:1844
new client:1845
new client:1846
new client:1847
new client:1848
new client:1849
new client:1850
new client:1851
new client:1852
new client:1853
new client:1854
new client:1855
new client:1856
new client:1857
new client:1858
new client:1859
new client:1860
new client:1861
new client:1862
new client:1863
new client:1864
new client:1865
new client:1866
new client:1867
new client:1868
new client:1869
new client:1870
new client:1871
new client:1872
new client:1873
new client:1874
new client:1875
new client:1876
new client:1877
new client:1878
new client:1879
new client:1880
new client:1881
new client:1882
new client:1883
new client:1884
new client:1885
new client:1886
new client:1887
new client:1888
new client:1889
new client:1890
new client:1891
new client:1892
new client:1893
new client:1894
new client:1895
new client:1896
new client:1897
new client:1898
new client:1899
new client:1900
new client:1901
new client:1902
new client:1903
new client:1904
new client:1905
new client:1906
new client:1907
new client:1908
new client:1909
new client:1910
new client:1911
new client:1912
new client:1913
new client:1914
new client:1915
new client:1916
new client:1917
new client:1918
new client:1919
new client:1920
new client:1921
new client:1922
new client:1923
new client:1924
new client:1925
new client:1926
new client:1927
new client:1928
new client:1929
new client:1930
new client:1931
new client:1932
new client:1933
new client:1934
new client:1935
new client:1936
new client:1937
new client:1938
new client:1939
new client:1940
new client:1941
new client:1942
new client:1943
new client:1944
new client:1945
new client:1946
new client:1947
new client:1948
new client:1949
new client:1950
new client:1951
new client:1952
new client:1953
new client:1954
new client:1955
new client:1956
new client:1957
new client:1958
new client:1959
new client:1960
new client:1961
new client:1962
new client:1963
new client:1964
new client:1965
new client:1966
new client:1967
new client:1968
new client:1969
new client:1970
new client:1971
new client:1972
new client:1973
new client:1974
new client:1975
new client:1976
new client:1977
new client:1978
new client:1979
new client:1980
new client:1981
new client:1982
new client:1983
new client:1984
new client:1985
new client:1986
new client:1987
new client:1988
new client:1989
new client:1990
new client:1991
new client:1992
new client:1993
new client:1994
new client:1995
new client:1996
new client:1997
new client:1998
new client:1999
new client:2000
new client:2001
new client:2002
new client:2003
new client:2004
new client:2005
new client:2006
new client:2007
new client:2008
new client:2009
new client:2010
new client:2011
new client:2012
new client:2013
new client:2014
new client:2015
new client:2016
new client:2017
new client:2018
new client:2019
new client:2020
new client:2021
new client:2022
new client:2023
new client:2024
new client:2025
new client:2026
new client:2027
new client:2028
new client:2029
new client:2030
new client:2031
new client:2032
new client:2033
new client:2034
new client:2035
new client:2036
new client:2037
new client:2038
new client:2039
new client:2040
new client:2041
new client:2042
new client:2043
new client:2044
new client:2045
new client:2046
new client:2047
new client:2048
new client:2049
new client:2050
new client:2051
new client:2052
new client:2053
new client:2054
new client:2055
new client:2056
new client:2057
new client:2058
new client:2059
new client:2060
new client:2061
new client:2062
new client:2063
new client:2064
new client:2065
new client:2066
new client:2067
new client:2068
new client:2069
new client:2070
new client:2071
new client:2072
new client:2073
new client:2074
new client:2075
new client:2076
new client:2077
new client:2078
new client:2079
new client:2080
new client:2081
new client:2082
new client:2083
new client:2084
new client:2085
new client:2086
new client:2087
new client:2088
new client:2089
new client:2090
new client:2091
new client:2092
new client:2093
new client:2094
new client:2095
new client:2096
new client:2097
new client:2098
new client:2099
new client:2100
new client:2101
new client:2102
new client:2103
new client:2104
new client:2105
new client:2106
new client:2107
new client:2108
new client:2109
new client:2110
new client:2111
new client:2112
new client:2113
new client:2114
new client:2115
new client:2116
new client:2117
new client:2118
new client:2119
new client:2120
new client:2121
new client:2122
new client:2123
new client:2124
new client:2125
new client:2126
new client:2127
new client:2128
new client:2129
new client:2130
new client:2131
new client:2132
new client:2133
new client:2134
new client:2135
new client:2136
new client:2137
new client:2138
new client:2139
new client:2140
new client:2141
new client:2142
new client:2143
new client:2144
new client:2145
new client:2146
new client:2147
new client:2148
new client:2149
new client:2150
new client:2151
new client:2152
new client:2153
new client:2154
new client:2155
new client:2156
new client:2157
new client:2158
new client:2159
new client:2160
new client:2161
new client:2162
new client:2163
new client:2164
new client:2165
new client:2166
new client:2167
new client:2168
new client:2169
new client:2170
new client:2171
new client:2172
new client:2173
new client:2174
new client:2175
new client:2176
new client:2177
new client:2178
new client:2179
new client:2180
new client:2181
new client:2182
new client:2183
new client:2184
new client:2185
new client:2186
new client:2187
new client:2188
new client:2189
new client:2190
new client:2191
new client:2192
new client:2193
new client:2194
new client:2195
new client:2196
new client:2197
new client:2198
new client:2199
new client:2200
new client:2201
new client:2202
new client:2203
new client:2204
new client:2205
new client:2206
new client:2207
new client:2208
new client:2209
new client:2210
new client:2211
new client:2212
new client:2213
new client:2214
new client:2215
new client:2216
new client:2217
new client:2218
new client:2219
new client:2220
new client:2221
new client:2222
new client:2223
new client:2224
new client:2225
new client:2226
new client:2227
new client:2228
new client:2229
new client:2230
new client:2231
new client:2232
new client:2233
new client:2234
new client:2235
new client:2236
new client:2237
new client:2238
new client:2239
new client:2240
new client:2241
new client:2242
new client:2243
new client:2244
new client:2245
new client:2246
new client:2247
new client:2248
new client:2249
new client:2250
new client:2251
new client:2252
new client:2253
new client:2254
new client:2255
new client:2256
new client:2257
new client:2258
new client:2259
new client:2260
new client:2261
new client:2262
new client:2263
new client:2264
new client:2265
new client:2266
new client:2267
new client:2268
new client:2269
new client:2270
new client:2271
new client:2272
new client:2273
new client:2274
new client:2275
new client:2276
new client:2277
new client:2278
new client:2279
new client:2280
new client:2281
new client:2282
new client:2283
new client:2284
new client:2285
new client:2286
new client:2287
new client:2288
new client:2289
new client:2290
new client:2291
new client:2292
new client:2293
new client:2294
new client:2295
new client:2296
new client:2297
new client:2298
new client:2299
new client:2300
new client:2301
new client:2302
new client:2303
new client:2304
new client:2305
new client:2306
new client:2307
new client:2308
new client:2309
new client:2310
new client:2311
new client:2312
new client:2313
new client:2314
new client:2315
new client:2316
new client:2317
new client:2318
new client:2319
new client:2320
new client:2321
new client:2322
new client:2323
new client:2324
new client:2325
new client:2326
new client:2327
new client:2328
new client:2329
new client:2330
new client:2331
new client:2332
new client:2333
new client:2334
new client:2335
new client:2336
new client:2337
new client:2338
new client:2339
new client:2340
new client:2341
new client:2342
new client:2343
new client:2344
new client:2345
new client:2346
new client:2347
new client:2348
new client:2349
new client:2350
new client:2351
new client:2352
new client:2353
new client:2354
new client:2355
new client:2356
new client:2357
new client:2358
new client:2359
new client:2360
new client:2361
new client:2362
new client:2363
new client:2364
new client:2365
new client:2366
new client:2367
new client:2368
new client:2369
new client:2370
new client:2371
new client:2372
new client:2373
new client:2374
new client:2375
new client:2376
new client:2377
new client:2378
new client:2379
new client:2380
new client:2381
new client:2382
new client:2383
new client:2384
new client:2385
new client:2386
new client:2387
new client:2388
new client:2389
new client:2390
new client:2391
new client:2392
new client:2393
new client:2394
new client:2395
new client:2396
new client:2397
new client:2398
new client:2399
new client:2400
new client:2401
new client:2402
new client:2403
new client:2404
new client:2405
new client:2406
new client:2407
new client:2408
new client:2409
new client:2410
new client:2411
new client:2412
new client:2413
new client:2414
new client:2415
new client:2416
new client:2417
new client:2418
new client:2419
new client:2420
new client:2421
new client:2422
new client:2423
new client:2424
new client:2425
new client:2426
new client:2427
new client:2428
new client:2429
new client:2430
new client:2431
new client:2432
new client:2433
new client:2434
new client:2435
new client:2436
new client:2437
new client:2438
new client:2439
new client:2440
new client:2441
new client:2442
new client:2443
new client:2444
new client:2445
new client:2446
new client:2447
new client:2448
new client:2449
new client:2450
new client:2451
new client:2452
new client:2453
new client:2454
new client:2455
new client:2456
new client:2457
new client:2458
new client:2459
new client:2460
new client:2461
new client:2462
new client:2463
new client:2464
new client:2465
new client:2466
new client:2467
new client:2468
new client:2469
new client:2470
new client:2471
new client:2472
new client:2473
new client:2474
new client:2475
new client:2476
new client:2477
new client:2478
new client:2479
new client:2480
new client:2481
new client:2482
new client:2483
new client:2484
new client:2485
new client:2486
new client:2487
new client:2488
new client:2489
new client:2490
new client:2491
new client:2492
new client:2493
new client:2494
new client:2495
new client:2496
new client:2497
new client:2498
new client:2499
new client:2500
new client:2501
new client:2502
new client:2503
new client:2504
new client:2505
new client:2506
new client:2507
new client:2508
new client:2509
new client:2510
new client:2511
new client:2512
new client:2513
new client:2514
new client:2515
new client:2516
new client:2517
new client:2518
new client:2519
new client:2520
new client:2521
new client:2522
new client:2523
new client:2524
new client:2525
new client:2526
new client:2527
new client:2528
new client:2529
new client:2530
new client:2531
new client:2532
new client:2533
new client:2534
new client:2535
new client:2536
new client:2537
new client:2538
new client:2539
new client:2540
new client:2541
new client:2542
new client:2543
new client:2544
new client:2545
new client:2546
new client:2547
new client:2548
new client:2549
new client:2550
new client:2551
new client:2552
new client:2553
new client:2554
new client:2555
new client:2556
new client:2557
new client:2558
new client:2559
new client:2560
new client:2561
new client:2562
new client:2563
new client:2564
new client:2565
new client:2566
new client:2567
new client:2568
new client:2569
new client:2570
new client:2571
new client:2572
new client:2573
new client:2574
new client:2575
new client:2576
new client:2577
new client:2578
new client:2579
new client:2580
new client:2581
new client:2582
new client:2583
new client:2584
new client:2585
new client:2586
new client:2587
new client:2588
new client:2589
new client:2590
new client:2591
new client:2592
new client:2593
new client:2594
new client:2595
new client:2596
new client:2597
new client:2598
new client:2599
new client:2600
new client:2601
new client:2602
new client:2603
new client:2604
new client:2605
new client:2606
new client:2607
new client:2608
new client:2609
new client:2610
new client:2611
new client:2612
new client:2613
new client:2614
new client:2615
new client:2616
new client:2617
new client:2618
new client:2619
new client:2620
new client:2621
new client:2622
new client:2623
new client:2624
new client:2625
new client:2626
new client:2627
new client:2628
new client:2629
new client:2630
new client:2631
new client:2632
new client:2633
new client:2634
new client:2635
new client:2636
new client:2637
new client:2638
new client:2639
new client:2640
new client:2641
new client:2642
new client:2643
new client:2644
new client:2645
new client:2646
new client:2647
new client:2648
new client:2649
new client:2650
new client:2651
new client:2652
new client:2653
new client:2654
new client:2655
new client:2656
new client:2657
new client:2658
new client:2659
new client:2660
new client:2661
new client:2662
new client:2663
new client:2664
new client:2665
new client:2666
new client:2667
new client:2668
new client:2669
new client:2670
new client:2671
new client:2672
new client:2673
new client:2674
new client:2675
new client:2676
new client:2677
new client:2678
new client:2679
new client:2680
new client:2681
new client:2682
new client:2683
new client:2684
new client:2685
new client:2686
new client:2687
new client:2688
new client:2689
new client:2690
new client:2691
new client:2692
new client:2693
new client:2694
new client:2695
new client:2696
new client:2697
new client:2698
new client:2699
new client:2700
new client:2701
new client:2702
new client:2703
new client:2704
new client:2705
new client:2706
new client:2707
new client:2708
new client:2709
new client:2710
new client:2711
new client:2712
new client:2713
new client:2714
new client:2715
new client:2716
new client:2717
new client:2718
new client:2719
new client:2720
new client:2721
new client:2722
new client:2723
new client:2724
new client:2725
new client:2726
new client:2727
new client:2728
new client:2729
new client:2730
new client:2731
new client:2732
new client:2733
new client:2734
new client:2735
new client:2736
new client:2737
new client:2738
new client:2739
new client:2740
new client:2741
new client:2742
new client:2743
new client:2744
new client:2745
new client:2746
new client:2747
new client:2748
new client:2749
new client:2750
new client:2751
new client:2752
new client:2753
new client:2754
new client:2755
new client:2756
new client:2757
new client:2758
new client:2759
new client:2760
new client:2761
new client:2762
new client:2763
new client:2764
new client:2765
new client:2766
new client:2767
new client:2768
new client:2769
new client:2770
new client:2771
new client:2772
new client:2773
new client:2774
new client:2775
new client:2776
new client:2777
new client:2778
new client:2779
new client:2780
new client:2781
new client:2782
new client:2783
new client:2784
new client:2785
new client:2786
new client:2787
new client:2788
new client:2789
new client:2790
new client:2791
new client:2792
new client:2793
new client:2794
new client:2795
new client:2796
new client:2797
new client:2798
new client:2799
new client:2800
new client:2801
new client:2802
new client:2803
new client:2804
new client:2805
new client:2806
new client:2807
new client:2808
new client:2809
new client:2810
new client:2811
new client:2812
new client:2813
new client:2814
new client:2815
new client:2816
new client:2817
new client:2818
new client:2819
new client:2820
new client:2821
new client:2822
new client:2823
new client:2824
new client:2825
new client:2826
new client:2827
new client:2828
new client:2829
new client:2830
new client:2831
new client:2832
new client:2833
new client:2834
new client:2835
new client:2836
new client:2837
new client:2838
new client:2839
new client:2840
new client:2841
new client:2842
new client:2843
new client:2844
new client:2845
new client:2846
new client:2847
new client:2848
new client:2849
new client:2850
new client:2851
new client:2852
new client:2853
new client:2854
new client:2855
new client:2856
new client:2857
new client:2858
new client:2859
new client:2860
new client:2861
new client:2862
new client:2863
new client:2864
new client:2865
new client:2866
new client:2867
new client:2868
new client:2869
new client:2870
new client:2871
new client:2872
new client:2873
new client:2874
new client:2875
new client:2876
new client:2877
new client:2878
new client:2879
new client:2880
new client:2881
new client:2882
new client:2883
new client:2884
new client:2885
new client:2886
new client:2887
new client:2888
new client:2889
new client:2890
new client:2891
new client:2892
new client:2893
new client:2894
new client:2895
new client:2896
new client:2897
new client:2898
new client:2899
new client:2900
new client:2901
new client:2902
new client:2903
new client:2904
new client:2905
new client:2906
new client:2907
new client:2908
new client:2909
new client:2910
new client:2911
new client:2912
new client:2913
new client:2914
new client:2915
new client:2916
new client:2917
new client:2918
new client:2919
new client:2920
new client:2921
new client:2922
new client:2923
new client:2924
new client:2925
new client:2926
new client:2927
new client:2928
new client:2929
new client:2930
new client:2931
new client:2932
new client:2933
new client:2934
new client:2935
new client:2936
new client:2937
new client:2938
new client:2939
new client:2940
new client:2941
new client:2942
new client:2943
new client:2944
new client:2945
new client:2946
new client:2947
new client:2948
new client:2949
new client:2950
new client:2951
new client:2952
new client:2953
new client:2954
new client:2955
new client:2956
new client:2957
new client:2958
new client:2959
new client:2960
new client:2961
new client:2962
new client:2963
new client:2964
new client:2965
new client:2966
new client:2967
new client:2968
new client:2969
new client:2970
new client:2971
new client:2972
new client:2973
new client:2974
new client:2975
new client:2976
new client:2977
new client:2978
new client:2979
new client:2980
new client:2981
new client:2982
new client:2983
new client:2984
new client:2985
new client:2986
new client:2987
new client:2988
new client:2989
new client:2990
new client:2991
new client:2992
new client:2993
new client:2994
new client:2995
new client:2996
new client:2997
new client:2998
new client:2999
new client:3000
new client:3001
new client:3002
new client:3003
new client:3004
new client:3005
new client:3006
new client:3007
new client:3008
new client:3009
new client:3010
new client:3011
new client:3012
new client:3013
new client:3014
new client:3015
new client:3016
new client:3017
new client:3018
new client:3019
new client:3020
new client:3021
new client:3022
new client:3023
new client:3024
new client:3025
new client:3026
new client:3027
new client:3028
new client:3029
new client:3030
new client:3031
new client:3032
new client:3033
new client:3034
new client:3035
new client:3036
new client:3037
new client:3038
new client:3039
new client:3040
new client:3041
new client:3042
new client:3043
new client:3044
new client:3045
new client:3046
new client:3047
new client:3048
new client:3049
new client:3050
new client:3051
new client:3052
new client:3053
new client:3054
new client:3055
new client:3056
new client:3057
new client:3058
new client:3059
new client:3060
new client:3061
new client:3062
new client:3063
new client:3064
new client:3065
new client:3066
new client:3067
new client:3068
new client:3069
new client:3070
new client:3071
new client:3072
new client:3073
new client:3074
new client:3075
new client:3076
new client:3077
new client:3078
new client:3079
new client:3080
new client:3081
new client:3082
new client:3083
new client:3084
new client:3085
new client:3086
new client:3087
new client:3088
new client:3089
new client:3090
new client:3091
new client:3092
new client:3093
new client:3094
new client:3095
new client:3096
new client:3097
new client:3098
new client:3099
new client:3100
new client:3101
new client:3102
new client:3103
new client:3104
new client:3105
new client:3106
new client:3107
new client:3108
new client:3109
new client:3110
new client:3111
new client:3112
new client:3113
new client:3114
new client:3115
new client:3116
new client:3117
new client:3118
new client:3119
new client:3120
new client:3121
new client:3122
new client:3123
new client:3124
new client:3125
new client:3126
new client:3127
new client:3128
new client:3129
new client:3130
new client:3131
new client:3132
new client:3133
new client:3134
new client:3135
new client:3136
new client:3137
new client:3138
new client:3139
new client:3140
new client:3141
new client:3142
new client:3143
new client:3144
new client:3145
new client:3146
new client:3147
new client:3148
new client:3149
new client:3150
new client:3151
new client:3152
new client:3153
new client:3154
new client:3155
new client:3156
new client:3157
new client:3158
new client:3159
new client:3160
new client:3161
new client:3162
new client:3163
new client:3164
new client:3165
new client:3166
new client:3167
new client:3168
new client:3169
new client:3170
new client:3171
new client:3172
new client:3173
new client:3174
new client:3175
new client:3176
new client:3177
new client:3178
new client:3179
new client:3180
new client:3181
new client:3182
new client:3183
new client:3184
new client:3185
new client:3186
new client:3187
new client:3188
new client:3189
new client:3190
new client:3191
new client:3192
new client:3193
new client:3194
new client:3195
new client:3196
new client:3197
new client:3198
new client:3199
new client:3200
new client:3201
new client:3202
new client:3203
new client:3204
new client:3205
new client:3206
new client:3207
new client:3208
new client:3209
new client:3210
new client:3211
new client:3212
new client:3213
new client:3214
new client:3215
new client:3216
new client:3217
new client:3218
new client:3219
new client:3220
new client:3221
new client:3222
new client:3223
new client:3224
new client:3225
new client:3226
new client:3227
new client:3228
new client:3229
new client:3230
new client:3231
new client:3232
new client:3233
new client:3234
new client:3235
new client:3236
new client:3237
new client:3238
new client:3239
new client:3240
new client:3241
new client:3242
new client:3243
new client:3244
new client:3245
new client:3246
new client:3247
new client:3248
new client:3249
new client:3250
new client:3251
new client:3252
new client:3253
new client:3254
new client:3255
new client:3256
new client:3257
new client:3258
new client:3259
new client:3260
new client:3261
new client:3262
new client:3263
new client:3264
new client:3265
new client:3266
new client:3267
new client:3268
new client:3269
new client:3270
new client:3271
new client:3272
new client:3273
new client:3274
new client:3275
new client:3276
new client:3277
new client:3278
new client:3279
new client:3280
new client:3281
new client:3282
new client:3283
new client:3284
new client:3285
new client:3286
new client:3287
new client:3288
new client:3289
new client:3290
new client:3291
new client:3292
new client:3293
new client:3294
new client:3295
new client:3296
new client:3297
new client:3298
new client:3299
new client:3300
new client:3301
new client:3302
new client:3303
new client:3304
new client:3305
new client:3306
new client:3307
new client:3308
new client:3309
new client:3310
new client:3311
new client:3312
new client:3313
new client:3314
new client:3315
new client:3316
new client:3317
new client:3318
new client:3319
new client:3320
new client:3321
new client:3322
new client:3323
new client:3324
new client:3325
new client:3326
new client:3327
new client:3328
new client:3329
new client:3330
new client:3331
new client:3332
new client:3333
new client:3334
new client:3335
new client:3336
new client:3337
new client:3338
new client:3339
new client:3340
new client:3341
new client:3342
new client:3343
new client:3344
new client:3345
new client:3346
new client:3347
new client:3348
new client:3349
new client:3350
new client:3351
new client:3352
new client:3353
new client:3354
new client:3355
new client:3356
new client:3357
new client:3358
new client:3359
new client:3360
new client:3361
new client:3362
new client:3363
new client:3364
new client:3365
new client:3366
new client:3367
new client:3368
new client:3369
new client:3370
new client:3371
new client:3372
new client:3373
new client:3374
new client:3375
new client:3376
new client:3377
new client:3378
new client:3379
new client:3380
new client:3381
new client:3382
new client:3383
new client:3384
new client:3385
new client:3386
new client:3387
new client:3388
new client:3389
new client:3390
new client:3391
new client:3392
new client:3393
new client:3394
new client:3395
new client:3396
new client:3397
new client:3398
new client:3399
new client:3400
new client:3401
new client:3402
new client:3403
new client:3404
new client:3405
new client:3406
new client:3407
new client:3408
new client:3409
new client:3410
new client:3411
new client:3412
new client:3413
new client:3414
new client:3415
new client:3416
new client:3417
new client:3418
new client:3419
new client:3420
new client:3421
new client:3422
new client:3423
new client:3424
new client:3425
new client:3426
new client:3427
new client:3428
new client:3429
new client:3430
new client:3431
new client:3432
new client:3433
new client:3434
new client:3435
new client:3436
new client:3437
new client:3438
new client:3439
new client:3440
new client:3441
new client:3442
new client:3443
new client:3444
new client:3445
new client:3446
new client:3447
new client:3448
new client:3449
new client:3450
new client:3451
new client:3452
new client:3453
new client:3454
new client:3455
new client:3456
new client:3457
new client:3458
new client:3459
new client:3460
new client:3461
new client:3462
new client:3463
new client:3464
new client:3465
new client:3466
new client:3467
new client:3468
new client:3469
new client:3470
new client:3471
new client:3472
new client:3473
new client:3474
new client:3475
new client:3476
new client:3477
new client:3478
new client:3479
new client:3480
new client:3481
new client:3482
new client:3483
new client:3484
new client:3485
new client:3486
new client:3487
new client:3488
new client:3489
new client:3490
new client:3491
new client:3492
new client:3493
new client:3494
new client:3495
new client:3496
new client:3497
new client:3498
new client:3499
new client:3500
new client:3501
new client:3502
new client:3503
new client:3504
new client:3505
new client:3506
new client:3507
new client:3508
new client:3509
new client:3510
new client:3511
new client:3512
new client:3513
new client:3514
new client:3515
new client:3516
new client:3517
new client:3518
new client:3519
new client:3520
new client:3521
new client:3522
new client:3523
new client:3524
new client:3525
new client:3526
new client:3527
new client:3528
new client:3529
new client:3530
new client:3531
new client:3532
new client:3533
new client:3534
new client:3535
new client:3536
new client:3537
new client:3538
new client:3539
new client:3540
new client:3541
new client:3542
new client:3543
new client:3544
new client:3545
new client:3546
new client:3547
new client:3548
new client:3549
new client:3550
new client:3551
new client:3552
new client:3553
new client:3554
new client:3555
new client:3556
new client:3557
new client:3558
new client:3559
new client:3560
new client:3561
new client:3562
new client:3563
new client:3564
new client:3565
new client:3566
new client:3567
new client:3568
new client:3569
new client:3570
new client:3571
new client:3572
new client:3573
new client:3574
new client:3575
new client:3576
new client:3577
new client:3578
new client:3579
new client:3580
new client:3581
new client:3582
new client:3583
new client:3584
new client:3585
new client:3586
new client:3587
new client:3588
new client:3589
new client:3590
new client:3591
new client:3592
new client:3593
new client:3594
new client:3595
new client:3596
new client:3597
new client:3598
new client:3599
new client:3600
new client:3601
new client:3602
new client:3603
new client:3604
new client:3605
new client:3606
new client:3607
new client:3608
new client:3609
new client:3610
new client:3611
new client:3612
new client:3613
new client:3614
new client:3615
new client:3616
new client:3617
new client:3618
new client:3619
new client:3620
new client:3621
new client:3622
new client:3623
new client:3624
new client:3625
new client:3626
new client:3627
new client:3628
new client:3629
new client:3630
new client:3631
new client:3632
new client:3633
new client:3634
new client:3635
new client:3636
new client:3637
new client:3638
new client:3639
new client:3640
new client:3641
new client:3642
new client:3643
new client:3644
new client:3645
new client:3646
new client:3647
new client:3648
new client:3649
new client:3650
new client:3651
new client:3652
new client:3653
new client:3654
new client:3655
new client:3656
new client:3657
new client:3658
new client:3659
new client:3660
new client:3661
new client:3662
new client:3663
new client:3664
new client:3665
new client:3666
new client:3667
new client:3668
new client:3669
new client:3670
new client:3671
new client:3672
new client:3673
new client:3674
new client:3675
new client:3676
new client:3677
new client:3678
new client:3679
new client:3680
new client:3681
new client:3682
new client:3683
new client:3684
new client:3685
new client:3686
new client:3687
new client:3688
new client:3689
new client:3690
new client:3691
new client:3692
new client:3693
new client:3694
new client:3695
new client:3696
new client:3697
new client:3698
new client:3699
new client:3700
new client:3701
new client:3702
new client:3703
new client:3704
new client:3705
new client:3706
new client:3707
new client:3708
new client:3709
new client:3710
new client:3711
new client:3712
new client:3713
new client:3714
new client:3715
new client:3716
new client:3717
new client:3718
new client:3719
new client:3720
new client:3721
new client:3722
new client:3723
new client:3724
new client:3725
new client:3726
new client:3727
new client:3728
new client:3729
new client:3730
new client:3731
new client:3732
new client:3733
new client:3734
new client:3735
new client:3736
new client:3737
new client:3738
new client:3739
new client:3740
new client:3741
new client:3742
new client:3743
new client:3744
new client:3745
new client:3746
new client:3747
new client:3748
new client:3749
new client:3750
new client:3751
new client:3752
new client:3753
new client:3754
new client:3755
new client:3756
new client:3757
new client:3758
new client:3759
new client:3760
new client:3761
new client:3762
new client:3763
new client:3764
new client:3765
new client:3766
new client:3767
new client:3768
new client:3769
new client:3770
new client:3771
new client:3772
new client:3773
new client:3774
new client:3775
new client:3776
new client:3777
new client:3778
new client:3779
new client:3780
new client:3781
new client:3782
new client:3783
new client:3784
new client:3785
new client:3786
new client:3787
new client:3788
new client:3789
new client:3790
new client:3791
new client:3792
new client:3793
new client:3794
new client:3795
new client:3796
new client:3797
new client:3798
new client:3799
new client:3800
new client:3801
new client:3802
new client:3803
new client:3804
new client:3805
new client:3806
new client:3807
new client:3808
new client:3809
new client:3810
new client:3811
new client:3812
new client:3813
new client:3814
new client:3815
new client:3816
new client:3817
new client:3818
new client:3819
new client:3820
new client:3821
new client:3822
new client:3823
new client:3824
new client:3825
new client:3826
new client:3827
new client:3828
new client:3829
new client:3830
new client:3831
new client:3832
new client:3833
new client:3834
new client:3835
new client:3836
new client:3837
new client:3838
new client:3839
new client:3840
new client:3841
new client:3842
new client:3843
new client:3844
new client:3845
new client:3846
new client:3847
new client:3848
new client:3849
new client:3850
new client:3851
new client:3852
new client:3853
new client:3854
new client:3855
new client:3856
new client:3857
new client:3858
new client:3859
new client:3860
new client:3861
new client:3862
new client:3863
new client:3864
new client:3865
new client:3866
new client:3867
new client:3868
new client:3869
new client:3870
new client:3871
new client:3872
new client:3873
new client:3874
new client:3875
new client:3876
new client:3877
new client:3878
new client:3879
new client:3880
new client:3881
new client:3882
new client:3883
new client:3884
new client:3885
new client:3886
new client:3887
new client:3888
new client:3889
new client:3890
new client:3891
new client:3892
new client:3893
new client:3894
new client:3895
new client:3896
new client:3897
new client:3898
new client:3899
new client:3900
new client:3901
new client:3902
new client:3903
new client:3904
new client:3905
new client:3906
new client:3907
new client:3908
new client:3909
new client:3910
new client:3911
new client:3912
new client:3913
new client:3914
new client:3915
new client:3916
new client:3917
new client:3918
new client:3919
new client:3920
new client:3921
new client:3922
new client:3923
new client:3924
new client:3925
new client:3926
new client:3927
new client:3928
new client:3929
new client:3930
new client:3931
new client:3932
new client:3933
new client:3934
new client:3935
new client:3936
new client:3937
new client:3938
new client:3939
new client:3940
new client:3941
new client:3942
new client:3943
new client:3944
new client:3945
new client:3946
new client:3947
new client:3948
new client:3949
new client:3950
new client:3951
new client:3952
new client:3953
new client:3954
new client:3955
new client:3956
new client:3957
new client:3958
new client:3959
new client:3960
new client:3961
new client:3962
new client:3963
new client:3964
new client:3965
new client:3966
new client:3967
new client:3968
new client:3969
new client:3970
new client:3971
new client:3972
new client:3973
new client:3974
new client:3975
new client:3976
new client:3977
new client:3978
new client:3979
new client:3980
new client:3981
new client:3982
new client:3983
new client:3984
new client:3985
new client:3986
new client:3987
new client:3988
new client:3989
new client:3990
new client:3991
new client:3992
new client:3993
new client:3994
new client:3995
new client:3996
new client:3997
new client:3998
new client:3999
new client:4000
new client:4001
new client:4002
new client:4003
new client:4004
new client:4005
new client:4006
new client:4007
new client:4008
new client:4009
new client:4010
new client:4011
new client:4012
new client:4013
new client:4014
new client:4015
new client:4016
new client:4017
new client:4018
new client:4019
new client:4020
new client:4021
new client:4022
new client:4023
new client:4024
new client:4025
new client:4026
new client:4027
new client:4028
new client:4029
new client:4030
new client:4031
new client:4032
new client:4033
new client:4034
new client:4035
new client:4036
new client:4037
new client:4038
new client:4039
new client:4040
new client:4041
new client:4042
new client:4043
new client:4044
new client:4045
new client:4046
new client:4047
new client:4048
new client:4049
new client:4050
new client:4051
new client:4052
new client:4053
new client:4054
new client:4055
new client:4056
new client:4057
new client:4058
new client:4059
new client:4060
new client:4061
new client:4062
new client:4063
new client:4064
new client:4065
new client:4066
new client:4067
new client:4068
new client:4069
new client:4070
new client:4071
new client:4072
new client:4073
new client:4074
new client:4075
new client:4076
new client:4077
new client:4078
new client:4079
new client:4080
new client:4081
new client:4082
new client:4083
new client:4084
new client:4085
new client:4086
new client:4087
new client:4088
new client:4089
new client:4090
new client:4091
new client:4092
new client:4093
new client:4094
new client:4095
new client:4096
new client:4097
new client:4098
new client:4099
new client:4100
new client:4101
new client:4102
new client:4103
new client:4104
new client:4105
new client:4106
new client:4107
new client:4108
new client:4109
new client:4110
new client:4111
new client:4112
new client:4113
new client:4114
new client:4115
new client:4116
new client:4117
new client:4118
new client:4119
new client:4120
new client:4121
new client:4122
new client:4123
new client:4124
new client:4125
new client:4126
new client:4127
new client:4128
new client:4129
new client:4130
new client:4131
new client:4132
new client:4133
new client:4134
new client:4135
new client:4136
new client:4137
new client:4138
new client:4139
new client:4140
new client:4141
new client:4142
new client:4143
new client:4144
new client:4145
new client:4146
new client:4147
new client:4148
new client:4149
new client:4150
new client:4151
new client:4152
new client:4153
new client:4154
new client:4155
new client:4156
new client:4157
new client:4158
new client:4159
new client:4160
new client:4161
new client:4162
new client:4163
new client:4164
new client:4165
new client:4166
new client:4167
new client:4168
new client:4169
new client:4170
new client:4171
new client:4172
new client:4173
new client:4174
new client:4175
new client:4176
new client:4177
new client:4178
new client:4179
new client:4180
new client:4181
new client:4182
new client:4183
new client:4184
new client:4185
new client:4186
new client:4187
new client:4188
new client:4189
new client:4190
new client:4191
new client:4192
new client:4193
new client:4194
new client:4195
new client:4196
new client:4197
new client:4198
new client:4199
new client:4200
new client:4201
new client:4202
new client:4203
new client:4204
new client:4205
new client:4206
new client:4207
new client:4208
new client:4209
new client:4210
new client:4211
new client:4212
new client:4213
new client:4214
new client:4215
new client:4216
new client:4217
new client:4218
new client:4219
new client:4220
new client:4221
new client:4222
new client:4223
new client:4224
new client:4225
new client:4226
new client:4227
new client:4228
new client:4229
new client:4230
new client:4231
new client:4232
new client:4233
new client:4234
new client:4235
new client:4236
new client:4237
new client:4238
new client:4239
new client:4240
new client:4241
new client:4242
new client:4243
new client:4244
new client:4245
new client:4246
new client:4247
new client:4248
new client:4249
new client:4250
new client:4251
new client:4252
new client:4253
new client:4254
new client:4255
new client:4256
new client:4257
new client:4258
new client:4259
new client:4260
new client:4261
new client:4262
new client:4263
new client:4264
new client:4265
new client:4266
new client:4267
new client:4268
new client:4269
new client:4270
new client:4271
new client:4272
new client:4273
new client:4274
new client:4275
new client:4276
new client:4277
new client:4278
new client:4279
new client:4280
new client:4281
new client:4282
new client:4283
new client:4284
new client:4285
new client:4286
new client:4287
new client:4288
new client:4289
new client:4290
new client:4291
new client:4292
new client:4293
new client:4294
new client:4295
new client:4296
new client:4297
new client:4298
new client:4299
new client:4300
new client:4301
new client:4302
new client:4303
new client:4304
new client:4305
new client:4306
new client:4307
new client:4308
new client:4309
new client:4310
new client:4311
new client:4312
new client:4313
new client:4314
new client:4315
new client:4316
new client:4317
new client:4318
new client:4319
new client:4320
new client:4321
new client:4322
new client:4323
new client:4324
new client:4325
new client:4326
new client:4327
new client:4328
new client:4329
new client:4330
new client:4331
new client:4332
new client:4333
new client:4334
new client:4335
new client:4336
new client:4337
new client:4338
new client:4339
new client:4340
new client:4341
new client:4342
new client:4343
new client:4344
new client:4345
new client:4346
new client:4347
new client:4348
new client:4349
new client:4350
new client:4351
new client:4352
new client:4353
new client:4354
new client:4355
new client:4356
new client:4357
new client:4358
new client:4359
new client:4360
new client:4361
new client:4362
new client:4363
new client:4364
new client:4365
new client:4366
new client:4367
new client:4368
new client:4369
new client:4370
new client:4371
new client:4372
new client:4373
new client:4374
new client:4375
new client:4376
new client:4377
new client:4378
new client:4379
new client:4380
new client:4381
new client:4382
new client:4383
new client:4384
new client:4385
new client:4386
new client:4387
new client:4388
new client:4389
new client:4390
new client:4391
new client:4392
new client:4393
new client:4394
new client:4395
new client:4396
new client:4397
new client:4398
new client:4399
new client:4400
new client:4401
new client:4402
new client:4403
new client:4404
new client:4405
new client:4406
new client:4407
new client:4408
new client:4409
new client:4410
new client:4411
new client:4412
new client:4413
new client:4414
new client:4415
new client:4416
new client:4417
new client:4418
new client:4419
new client:4420
new client:4421
new client:4422
new client:4423
new client:4424
new client:4425
new client:4426
new client:4427
new client:4428
new client:4429
new client:4430
new client:4431
new client:4432
new client:4433
new client:4434
new client:4435
new client:4436
new client:4437
new client:4438
new client:4439
new client:4440
new client:4441
new client:4442
new client:4443
new client:4444
new client:4445
new client:4446
new client:4447
new client:4448
new client:4449
new client:4450
new client:4451
new client:4452
new client:4453
new client:4454
new client:4455
new client:4456
new client:4457
new client:4458
new client:4459
new client:4460
new client:4461
new client:4462
new client:4463
new client:4464
new client:4465
new client:4466
new client:4467
new client:4468
new client:4469
new client:4470
new client:4471
new client:4472
new client:4473
new client:4474
new client:4475
new client:4476
new client:4477
new client:4478
new client:4479
new client:4480
new client:4481
new client:4482
new client:4483
new client:4484
new client:4485
new client:4486
new client:4487
new client:4488
new client:4489
new client:4490
new client:4491
new client:4492
new client:4493
new client:4494
new client:4495
new client:4496
new client:4497
new client:4498
new client:4499
new client:4500
new client:4501
new client:4502
new client:4503
new client:4504
new client:4505
new client:4506
new client:4507
new client:4508
new client:4509
new client:4510
new client:4511
new client:4512
new client:4513
new client:4514
new client:4515
new client:4516
new client:4517
new client:4518
new client:4519
new client:4520
new client:4521
new client:4522
new client:4523
new client:4524
new client:4525
new client:4526
new client:4527
new client:4528
new client:4529
new client:4530
new client:4531
new client:4532
new client:4533
new client:4534
new client:4535
new client:4536
new client:4537
new client:4538
new client:4539
new client:4540
new client:4541
new client:4542
new client:4543
new client:4544
new client:4545
new client:4546
new client:4547
new client:4548
new client:4549
new client:4550
new client:4551
new client:4552
new client:4553
new client:4554
new client:4555
new client:4556
new client:4557
new client:4558
new client:4559
new client:4560
new client:4561
new client:4562
new client:4563
new client:4564
new client:4565
new client:4566
new client:4567
new client:4568
new client:4569
new client:4570
new client:4571
new client:4572
new client:4573
new client:4574
new client:4575
new client:4576
new client:4577
new client:4578
new client:4579
new client:4580
new client:4581
new client:4582
new client:4583
new client:4584
new client:4585
new client:4586
new client:4587
new client:4588
new client:4589
new client:4590
new client:4591
new client:4592
new client:4593
new client:4594
new client:4595
new client:4596
new client:4597
new client:4598
new client:4599
new client:4600
new client:4601
new client:4602
new client:4603
new client:4604
new client:4605
new client:4606
new client:4607
new client:4608
new client:4609
new client:4610
new client:4611
new client:4612
new client:4613
new client:4614
new client:4615
new client:4616
new client:4617
new client:4618
new client:4619
new client:4620
new client:4621
new client:4622
new client:4623
new client:4624
new client:4625
new client:4626
new client:4627
new client:4628
new client:4629
new client:4630
new client:4631
new client:4632
new client:4633
new client:4634
new client:4635
new client:4636
new client:4637
new client:4638
new client:4639
new client:4640
new client:4641
new client:4642
new client:4643
new client:4644
new client:4645
new client:4646
new client:4647
new client:4648
new client:4649
new client:4650
new client:4651
new client:4652
new client:4653
new client:4654
new client:4655
new client:4656
new client:4657
new client:4658
new client:4659
new client:4660
new client:4661
new client:4662
new client:4663
new client:4664
new client:4665
new client:4666
new client:4667
new client:4668
new client:4669
new client:4670
new client:4671
new client:4672
new client:4673
new client:4674
new client:4675
new client:4676
new client:4677
new client:4678
new client:4679
new client:4680
new client:4681
new client:4682
new client:4683
new client:4684
new client:4685
new client:4686
new client:4687
new client:4688
new client:4689
new client:4690
new client:4691
new client:4692
new client:4693
new client:4694
new client:4695
new client:4696
new client:4697
new client:4698
new client:4699
new client:4700
new client:4701
new client:4702
new client:4703
new client:4704
new client:4705
new client:4706
new client:4707
new client:4708
new client:4709
new client:4710
new client:4711
new client:4712
new client:4713
new client:4714
new client:4715
new client:4716
new client:4717
new client:4718
new client:4719
new client:4720
new client:4721
new client:4722
new client:4723
new client:4724
new client:4725
new client:4726
new client:4727
new client:4728
new client:4729
new client:4730
new client:4731
new client:4732
new client:4733
new client:4734
new client:4735
new client:4736
new client:4737
new client:4738
new client:4739
new client:4740
new client:4741
new client:4742
new client:4743
new client:4744
new client:4745
new client:4746
new client:4747
new client:4748
new client:4749
new client:4750
new client:4751
new client:4752
new client:4753
new client:4754
new client:4755
new client:4756
new client:4757
new client:4758
new client:4759
new client:4760
new client:4761
new client:4762
new client:4763
new client:4764
new client:4765
new client:4766
new client:4767
new client:4768
new client:4769
new client:4770
new client:4771
new client:4772
new client:4773
new client:4774
new client:4775
new client:4776
new client:4777
new client:4778
new client:4779
new client:4780
new client:4781
new client:4782
new client:4783
new client:4784
new client:4785
new client:4786
new client:4787
new client:4788
new client:4789
new client:4790
new client:4791
new client:4792
new client:4793
new client:4794
new client:4795
new client:4796
new client:4797
new client:4798
new client:4799
new client:4800
new client:4801
new client:4802
new client:4803
new client:4804
new client:4805
new client:4806
new client:4807
new client:4808
new client:4809
new client:4810
new client:4811
new client:4812
new client:4813
new client:4814
new client:4815
new client:4816
new client:4817
new client:4818
new client:4819
new client:4820
new client:4821
new client:4822
new client:4823
new client:4824
new client:4825
new client:4826
new client:4827
new client:4828
new client:4829
new client:4830
new client:4831
new client:4832
new client:4833
new client:4834
new client:4835
new client:4836
new client:4837
new client:4838
new client:4839
new client:4840
new client:4841
new client:4842
new client:4843
new client:4844
new client:4845
new client:4846
new client:4847
new client:4848
new client:4849
new client:4850
new client:4851
new client:4852
new client:4853
new client:4854
new client:4855
new client:4856
new client:4857
new client:4858
new client:4859
new client:4860
new client:4861
new client:4862
new client:4863
new client:4864
new client:4865
new client:4866
new client:4867
new client:4868
new client:4869
new client:4870
new client:4871
new client:4872
new client:4873
new client:4874
new client:4875
new client:4876
new client:4877
new client:4878
new client:4879
new client:4880
new client:4881
new client:4882
new client:4883
new client:4884
new client:4885
new client:4886
new client:4887
new client:4888
new client:4889
new client:4890
new client:4891
new client:4892
new client:4893
new client:4894
new client:4895
new client:4896
new client:4897
new client:4898
new client:4899
new client:4900
new client:4901
new client:4902
new client:4903
new client:4904
new client:4905
new client:4906
new client:4907
new client:4908
new client:4909
new client:4910
new client:4911
new client:4912
new client:4913
new client:4914
new client:4915
new client:4916
new client:4917
new client:4918
new client:4919
new client:4920
new client:4921
new client:4922
new client:4923
new client:4924
new client:4925
new client:4926
new client:4927
new client:4928
new client:4929
new client:4930
new client:4931
new client:4932
new client:4933
new client:4934
new client:4935
new client:4936
new client:4937
new client:4938
new client:4939
new client:4940
new client:4941
new client:4942
new client:4943
new client:4944
new client:4945
new client:4946
new client:4947
new client:4948
new client:4949
new client:4950
new client:4951
new client:4952
new client:4953
new client:4954
new client:4955
new client:4956
new client:4957
new client:4958
new client:4959
new client:4960
new client:4961
new client:4962
new client:4963
new client:4964
new client:4965
new client:4966
new client:4967
new client:4968
new client:4969
new client:4970
new client:4971
new client:4972
new client:4973
new client:4974
new client:4975
new client:4976
new client:4977
new client:4978
new client:4979
new client:4980
new client:4981
new client:4982
new client:4983
new client:4984
new client:4985
new client:4986
new client:4987
new client:4988
new client:4989
new client:4990
new client:4991
new client:4992
new client:4993
new client:4994
new client:4995
new client:4996
new client:4997
new client:4998
new client:4999
new client:5000
new client:5001
new client:5002
new client:5003
new client:5004
new client:5005
new client:5006
new client:5007
new client:5008
new client:5009
new client:5010
new client:5011
new client:5012
new client:5013
new client:5014
new client:5015
new client:5016
new client:5017
new client:5018
new client:5019
new client:5020
new client:5021
new client:5022
new client:5023
new client:5024
new client:5025
new client:5026
new client:5027
new client:5028
new client:5029
new client:5030
new client:5031
new client:5032
new client:5033
new client:5034
new client:5035
new client:5036
new client:5037
new client:5038
new client:5039
new client:5040
new client:5041
new client:5042
new client:5043
new client:5044
new client:5045
new client:5046
new client:5047
new client:5048
new client:5049
new client:5050
new client:5051
new client:5052
new client:5053
new client:5054
new client:5055
new client:5056
new client:5057
new client:5058
new client:5059
new client:5060
new client:5061
new client:5062
new client:5063
new client:5064
new client:5065
new client:5066
new client:5067
new client:5068
new client:5069
new client:5070
new client:5071
new client:5072
new client:5073
new client:5074
new client:5075
new client:5076
new client:5077
new client:5078
new client:5079
new client:5080
new client:5081
new client:5082
new client:5083
new client:5084
new client:5085
new client:5086
new client:5087
new client:5088
new client:5089
new client:5090
new client:5091
new client:5092
new client:5093
new client:5094
new client:5095
new client:5096
new client:5097
new client:5098
new client:5099
new client:5100
new client:5101
new client:5102
new client:5103
new client:5104
new client:5105
new client:5106
new client:5107
new client:5108
new client:5109
new client:5110
new client:5111
new client:5112
new client:5113
new client:5114
new client:5115
new client:5116
new client:5117
new client:5118
new client:5119
new client:5120
new client:5121
new client:5122
new client:5123
new client:5124
new client:5125
new client:5126
new client:5127
new client:5128
new client:5129
new client:5130
new client:5131
new client:5132
new client:5133
new client:5134
new client:5135
new client:5136
new client:5137
new client:5138
new client:5139
new client:5140
new client:5141
new client:5142
new client:5143
new client:5144
new client:5145
new client:5146
new client:5147
new client:5148
new client:5149
new client:5150
new client:5151
new client:5152
new client:5153
new client:5154
new client:5155
new client:5156
new client:5157
new client:5158
new client:5159
new client:5160
new client:5161
new client:5162
new client:5163
new client:5164
new client:5165
new client:5166
new client:5167
new client:5168
new client:5169
new client:5170
new client:5171
new client:5172
new client:5173
new client:5174
new client:5175
new client:5176
new client:5177
new client:5178
new client:5179
new client:5180
new client:5181
new client:5182
new client:5183
new client:5184
new client:5185
new client:5186
new client:5187
new client:5188
new client:5189
new client:5190
new client:5191
new client:5192
new client:5193
new client:5194
new client:5195
new client:5196
new client:5197
new client:5198
new client:5199
new client:5200
new client:5201
new client:5202
new client:5203
new client:5204
new client:5205
new client:5206
new client:5207
new client:5208
new client:5209
new client:5210
new client:5211
new client:5212
new client:5213
new client:5214
new client:5215
new client:5216
new client:5217
new client:5218
new client:5219
new client:5220
new client:5221
new client:5222
new client:5223
new client:5224
new client:5225
new client:5226
new client:5227
new client:5228
new client:5229
new client:5230
new client:5231
new client:5232
new client:5233
new client:5234
new client:5235
new client:5236
new client:5237
new client:5238
new client:5239
new client:5240
new client:5241
new client:5242
new client:5243
new client:5244
new client:5245
new client:5246
new client:5247
new client:5248
new client:5249
new client:5250
new client:5251
new client:5252
new client:5253
new client:5254
new client:5255
new client:5256
new client:5257
new client:5258
new client:5259
new client:5260
new client:5261
new client:5262
new client:5263
new client:5264
new client:5265
new client:5266
new client:5267
new client:5268
new client:5269
new client:5270
new client:5271
new client:5272
new client:5273
new client:5274
new client:5275
new client:5276
new client:5277
new client:5278
new client:5279
new client:5280
new client:5281
new client:5282
new client:5283
new client:5284
new client:5285
new client:5286
new client:5287
new client:5288
new client:5289
new client:5290
new client:5291
new client:5292
new client:5293
new client:5294
new client:5295
new client:5296
new client:5297
new client:5298
new client:5299
new client:5300
new client:5301
new client:5302
new client:5303
new client:5304
new client:5305
new client:5306
new client:5307
new client:5308
new client:5309
new client:5310
new client:5311
new client:5312
new client:5313
new client:5314
new client:5315
new client:5316
new client:5317
new client:5318
new client:5319
new client:5320
new client:5321
new client:5322
new client:5323
new client:5324
new client:5325
new client:5326
new client:5327
new client:5328
new client:5329
new client:5330
new client:5331
new client:5332
new client:5333
new client:5334
new client:5335
new client:5336
new client:5337
new client:5338
new client:5339
new client:5340
new client:5341
new client:5342
new client:5343
new client:5344
new client:5345
new client:5346
new client:5347
new client:5348
new client:5349
new client:5350
new client:5351
new client:5352
new client:5353
new client:5354
new client:5355
new client:5356
new client:5357
new client:5358
new client:5359
new client:5360
new client:5361
new client:5362
new client:5363
new client:5364
new client:5365
new client:5366
new client:5367
new client:5368
new client:5369
new client:5370
new client:5371
new client:5372
new client:5373
new client:5374
new client:5375
new client:5376
new client:5377
new client:5378
new client:5379
new client:5380
new client:5381
new client:5382
new client:5383
new client:5384
new client:5385
new client:5386
new client:5387
new client:5388
new client:5389
new client:5390
new client:5391
new client:5392
new client:5393
new client:5394
new client:5395
new client:5396
new client:5397
new client:5398
new client:5399
new client:5400
new client:5401
new client:5402
new client:5403
new client:5404
new client:5405
new client:5406
new client:5407
new client:5408
new client:5409
new client:5410
new client:5411
new client:5412
new client:5413
new client:5414
new client:5415
new client:5416
new client:5417
new client:5418
new client:5419
new client:5420
new client:5421
new client:5422
new client:5423
new client:5424
new client:5425
new client:5426
new client:5427
new client:5428
new client:5429
new client:5430
new client:5431
new client:5432
new client:5433
new client:5434
new client:5435
new client:5436
new client:5437
new client:5438
new client:5439
new client:5440
new client:5441
new client:5442
new client:5443
new client:5444
new client:5445
new client:5446
new client:5447
new client:5448
new client:5449
new client:5450
new client:5451
new client:5452
new client:5453
new client:5454
new client:5455
new client:5456
new client:5457
new client:5458
new client:5459
new client:5460
new client:5461
new client:5462
new client:5463
new client:5464
new client:5465
new client:5466
new client:5467
new client:5468
new client:5469
new client:5470
new client:5471
new client:5472
new client:5473
new client:5474
new client:5475
new client:5476
new client:5477
new client:5478
new client:5479
new client:5480
new client:5481
new client:5482
new client:5483
new client:5484
new client:5485
new client:5486
new client:5487
new client:5488
new client:5489
new client:5490
new client:5491
new client:5492
new client:5493
new client:5494
new client:5495
new client:5496
new client:5497
new client:5498
new client:5499
new client:5500
new client:5501
new client:5502
new client:5503
new client:5504
new client:5505
new client:5506
new client:5507
new client:5508
new client:5509
new client:5510
new client:5511
new client:5512
new client:5513
new client:5514
new client:5515
new client:5516
new client:5517
new client:5518
new client:5519
new client:5520
new client:5521
new client:5522
new client:5523
new client:5524
new client:5525
new client:5526
new client:5527
new client:5528
new client:5529
new client:5530
new client:5531
new client:5532
new client:5533
new client:5534
new client:5535
new client:5536
new client:5537
new client:5538
new client:5539
new client:5540
new client:5541
new client:5542
new client:5543
new client:5544
new client:5545
new client:5546
new client:5547
new client:5548
new client:5549
new client:5550
new client:5551
new client:5552
new client:5553
new client:5554
new client:5555
new client:5556
new client:5557
new client:5558
new client:5559
new client:5560
new client:5561
new client:5562
new client:5563
new client:5564
new client:5565
new client:5566
new client:5567
new client:5568
new client:5569
new client:5570
new client:5571
new client:5572
new client:5573
new client:5574
new client:5575
new client:5576
new client:5577
new client:5578
new client:5579
new client:5580
new client:5581
new client:5582
new client:5583
new client:5584
new client:5585
new client:5586
new client:5587
new client:5588
new client:5589
new client:5590
new client:5591
new client:5592
new client:5593
new client:5594
new client:5595
new client:5596
new client:5597
new client:5598
new client:5599
new client:5600
new client:5601
new client:5602
new client:5603
new client:5604
new client:5605
new client:5606
new client:5607
new client:5608
new client:5609
new client:5610
new client:5611
new client:5612
new client:5613
new client:5614
new client:5615
new client:5616
new client:5617
new client:5618
new client:5619
new client:5620
new client:5621
new client:5622
new client:5623
new client:5624
new client:5625
new client:5626
new client:5627
new client:5628
new client:5629
new client:5630
new client:5631
new client:5632
new client:5633
new client:5634
new client:5635
new client:5636
new client:5637
new client:5638
new client:5639
new client:5640
new client:5641
new client:5642
new client:5643
new client:5644
new client:5645
new client:5646
new client:5647
new client:5648
new client:5649
new client:5650
new client:5651
new client:5652
new client:5653
new client:5654
new client:5655
new client:5656
new client:5657
new client:5658
new client:5659
new client:5660
new client:5661
new client:5662
new client:5663
new client:5664
new client:5665
new client:5666
new client:5667
new client:5668
new client:5669
new client:5670
new client:5671
new client:5672
new client:5673
new client:5674
new client:5675
new client:5676
new client:5677
new client:5678
new client:5679
new client:5680
new client:5681
new client:5682
new client:5683
new client:5684
new client:5685
new client:5686
new client:5687
new client:5688
new client:5689
new client:5690
new client:5691
new client:5692
new client:5693
new client:5694
new client:5695
new client:5696
new client:5697
new client:5698
new client:5699
new client:5700
new client:5701
new client:5702
new client:5703
new client:5704
new client:5705
new client:5706
new client:5707
new client:5708
new client:5709
new client:5710
new client:5711
new client:5712
new client:5713
new client:5714
new client:5715
new client:5716
new client:5717
new client:5718
new client:5719
new client:5720
new client:5721
new client:5722
new client:5723
new client:5724
new client:5725
new client:5726
new client:5727
new client:5728
new client:5729
new client:5730
new client:5731
new client:5732
new client:5733
new client:5734
new client:5735
new client:5736
new client:5737
new client:5738
new client:5739
new client:5740
new client:5741
new client:5742
new client:5743
new client:5744
new client:5745
new client:5746
new client:5747
new client:5748
new client:5749
new client:5750
new client:5751
new client:5752
new client:5753
new client:5754
new client:5755
new client:5756
new client:5757
new client:5758
new client:5759
new client:5760
new client:5761
new client:5762
new client:5763
new client:5764
new client:5765
new client:5766
new client:5767
new client:5768
new client:5769
new client:5770
new client:5771
new client:5772
new client:5773
new client:5774
new client:5775
new client:5776
new client:5777
new client:5778
new client:5779
new client:5780
new client:5781
new client:5782
new client:5783
new client:5784
new client:5785
new client:5786
new client:5787
new client:5788
new client:5789
new client:5790
new client:5791
new client:5792
new client:5793
new client:5794
new client:5795
new client:5796
new client:5797
new client:5798
new client:5799
new client:5800
new client:5801
new client:5802
new client:5803
new client:5804
new client:5805
new client:5806
new client:5807
new client:5808
new client:5809
new client:5810
new client:5811
new client:5812
new client:5813
new client:5814
new client:5815
new client:5816
new client:5817
new client:5818
new client:5819
new client:5820
new client:5821
new client:5822
new client:5823
new client:5824
new client:5825
new client:5826
new client:5827
new client:5828
new client:5829
new client:5830
new client:5831
new client:5832
new client:5833
new client:5834
new client:5835
new client:5836
new client:5837
new client:5838
new client:5839
new client:5840
new client:5841
new client:5842
new client:5843
new client:5844
new client:5845
new client:5846
new client:5847
new client:5848
new client:5849
new client:5850
new client:5851
new client:5852
new client:5853
new client:5854
new client:5855
new client:5856
new client:5857
new client:5858
new client:5859
new client:5860
new client:5861
new client:5862
new client:5863
new client:5864
new client:5865
new client:5866
new client:5867
new client:5868
new client:5869
new client:5870
new client:5871
new client:5872
new client:5873
new client:5874
new client:5875
new client:5876
new client:5877
new client:5878
new client:5879
new client:5880
new client:5881
new client:5882
new client:5883
new client:5884
new client:5885
new client:5886
new client:5887
new client:5888
new client:5889
new client:5890
new client:5891
new client:5892
new client:5893
new client:5894
new client:5895
new client:5896
new client:5897
new client:5898
new client:5899
new client:5900
new client:5901
new client:5902
new client:5903
new client:5904
new client:5905
new client:5906
new client:5907
new client:5908
new client:5909
new client:5910
new client:5911
new client:5912
new client:5913
new client:5914
new client:5915
new client:5916
new client:5917
new client:5918
new client:5919
new client:5920
new client:5921
new client:5922
new client:5923
new client:5924
new client:5925
new client:5926
new client:5927
new client:5928
new client:5929
new client:5930
new client:5931
new client:5932
new client:5933
new client:5934
new client:5935
new client:5936
new client:5937
new client:5938
new client:5939
new client:5940
new client:5941
new client:5942
new client:5943
new client:5944
new client:5945
new client:5946
new client:5947
new client:5948
new client:5949
new client:5950
new client:5951
new client:5952
new client:5953
new client:5954
new client:5955
new client:5956
new client:5957
new client:5958
new client:5959
new client:5960
new client:5961
new client:5962
new client:5963
new client:5964
new client:5965
new client:5966
new client:5967
new client:5968
new client:5969
new client:5970
new client:5971
new client:5972
new client:5973
new client:5974
new client:5975
new client:5976
new client:5977
new client:5978
new client:5979
new client:5980
new client:5981
new client:5982
new client:5983
new client:5984
new client:5985
new client:5986
new client:5987
new client:5988
new client:5989
new client:5990
new client:5991
new client:5992
new client:5993
new client:5994
new client:5995
new client:5996
new client:5997
new client:5998
new client:5999
new client:6000
new client:6001
new client:6002
new client:6003
new client:6004
new client:6005
new client:6006
new client:6007
new client:6008
new client:6009
new client:6010
new client:6011
new client:6012
new client:6013
new client:6014
new client:6015
new client:6016
new client:6017
new client:6018
new client:6019
new client:6020
new client:6021
new client:6022
new client:6023
new client:6024
new client:6025
new client:6026
new client:6027
new client:6028
new client:6029
new client:6030
new client:6031
new client:6032
new client:6033
new client:6034
new client:6035
new client:6036
new client:6037
new client:6038
new client:6039
new client:6040
new client:6041
new client:6042
new client:6043
new client:6044
new client:6045
new client:6046
new client:6047
new client:6048
new client:6049
new client:6050
new client:6051
new client:6052
new client:6053
new client:6054
new client:6055
new client:6056
new client:6057
new client:6058
new client:6059
new client:6060
new client:6061
new client:6062
new client:6063
new client:6064
new client:6065
new client:6066
new client:6067
new client:6068
new client:6069
new client:6070
new client:6071
new client:6072
new client:6073
new client:6074
new client:6075
new client:6076
new client:6077
new client:6078
new client:6079
new client:6080
new client:6081
new client:6082
new client:6083
new client:6084
new client:6085
new client:6086
new client:6087
new client:6088
new client:6089
new client:6090
new client:6091
new client:6092
new client:6093
new client:6094
new client:6095
new client:6096
new client:6097
new client:6098
new client:6099
new client:6100
new client:6101
new client:6102
new client:6103
new client:6104
new client:6105
new client:6106
new client:6107
new client:6108
new client:6109
new client:6110
new client:6111
new client:6112
new client:6113
new client:6114
new client:6115
new client:6116
new client:6117
new client:6118
new client:6119
new client:6120
new client:6121
new client:6122
new client:6123
new client:6124
new client:6125
new client:6126
new client:6127
new client:6128
new client:6129
new client:6130
new client:6131
new client:6132
new client:6133
new client:6134
new client:6135
new client:6136
new client:6137
new client:6138
new client:6139
new client:6140
new client:6141
new client:6142
new client:6143
new client:6144
new client:6145
new client:6146
new client:6147
new client:6148
new client:6149
new client:6150
new client:6151
new client:6152
new client:6153
new client:6154
new client:6155
new client:6156
new client:6157
new client:6158
new client:6159
new client:6160
new client:6161
new client:6162
new client:6163
new client:6164
new client:6165
new client:6166
new client:6167
new client:6168
new client:6169
new client:6170
new client:6171
new client:6172
new client:6173
new client:6174
new client:6175
new client:6176
new client:6177
new client:6178
new client:6179
new client:6180
new client:6181
new client:6182
new client:6183
new client:6184
new client:6185
new client:6186
new client:6187
new client:6188
new client:6189
new client:6190
new client:6191
new client:6192
new client:6193
new client:6194
new client:6195
new client:6196
new client:6197
new client:6198
new client:6199
new client:6200
new client:6201
new client:6202
new client:6203
new client:6204
new client:6205
new client:6206
new client:6207
new client:6208
new client:6209
new client:6210
new client:6211
new client:6212
new client:6213
new client:6214
new client:6215
new client:6216
new client:6217
new client:6218
new client:6219
new client:6220
new client:6221
new client:6222
new client:6223
new client:6224
new client:6225
new client:6226
new client:6227
new client:6228
new client:6229
new client:6230
new client:6231
new client:6232
new client:6233
new client:6234
new client:6235
new client:6236
new client:6237
new client:6238
new client:6239
new client:6240
new client:6241
new client:6242
new client:6243
new client:6244
new client:6245
new client:6246
new client:6247
new client:6248
new client:6249
new client:6250
new client:6251
new client:6252
new client:6253
new client:6254
new client:6255
new client:6256
new client:6257
new client:6258
new client:6259
new client:6260
new client:6261
new client:6262
new client:6263
new client:6264
new client:6265
new client:6266
new client:6267
new client:6268
new client:6269
new client:6270
new client:6271
new client:6272
new client:6273
new client:6274
new client:6275
new client:6276
new client:6277
new client:6278
new client:6279
new client:6280
new client:6281
new client:6282
new client:6283
new client:6284
new client:6285
new client:6286
new client:6287
new client:6288
new client:6289
new client:6290
new client:6291
new client:6292
new client:6293
new client:6294
new client:6295
new client:6296
new client:6297
new client:6298
new client:6299
new client:6300
new client:6301
new client:6302
new client:6303
new client:6304
new client:6305
new client:6306
new client:6307
new client:6308
new client:6309
new client:6310
new client:6311
new client:6312
new client:6313
new client:6314
new client:6315
new client:6316
new client:6317
new client:6318
new client:6319
new client:6320
new client:6321
new client:6322
new client:6323
new client:6324
new client:6325
new client:6326
new client:6327
new client:6328
new client:6329
new client:6330
new client:6331
new client:6332
new client:6333
new client:6334
new client:6335
new client:6336
new client:6337
new client:6338
new client:6339
new client:6340
new client:6341
new client:6342
new client:6343
new client:6344
new client:6345
new client:6346
new client:6347
new client:6348
new client:6349
new client:6350
new client:6351
new client:6352
new client:6353
new client:6354
new client:6355
new client:6356
new client:6357
new client:6358
new client:6359
new client:6360
new client:6361
new client:6362
new client:6363
new client:6364
new client:6365
new client:6366
new client:6367
new client:6368
new client:6369
new client:6370
new client:6371
new client:6372
new client:6373
new client:6374
new client:6375
new client:6376
new client:6377
new client:6378
new client:6379
new client:6380
new client:6381
new client:6382
new client:6383
new client:6384
new client:6385
new client:6386
new client:6387
new client:6388
new client:6389
new client:6390
new client:6391
new client:6392
new client:6393
new client:6394
new client:6395
new client:6396
new client:6397
new client:6398
new client:6399
new client:6400
new client:6401
new client:6402
new client:6403
new client:6404
new client:6405
new client:6406
new client:6407
new client:6408
new client:6409
new client:6410
new client:6411
new client:6412
new client:6413
new client:6414
new client:6415
new client:6416
new client:6417
new client:6418
new client:6419
new client:6420
new client:6421
new client:6422
new client:6423
new client:6424
new client:6425
new client:6426
new client:6427
new client:6428
new client:6429
new client:6430
new client:6431
new client:6432
new client:6433
new client:6434
new client:6435
new client:6436
new client:6437
new client:6438
new client:6439
new client:6440
new client:6441
new client:6442
new client:6443
new client:6444
new client:6445
new client:6446
new client:6447
new client:6448
new client:6449
new client:6450
new client:6451
new client:6452
new client:6453
new client:6454
new client:6455
new client:6456
new client:6457
new client:6458
new client:6459
new client:6460
new client:6461
new client:6462
new client:6463
new client:6464
new client:6465
new client:6466
new client:6467
new client:6468
new client:6469
new client:6470
new client:6471
new client:6472
new client:6473
new client:6474
new client:6475
new client:6476
new client:6477
new client:6478
new client:6479
new client:6480
new client:6481
new client:6482
new client:6483
new client:6484
new client:6485
new client:6486
new client:6487
new client:6488
new client:6489
new client:6490
new client:6491
new client:6492
new client:6493
new client:6494
new client:6495
new client:6496
new client:6497
new client:6498
new client:6499
new client:6500
new client:6501
new client:6502
new client:6503
new client:6504
new client:6505
new client:6506
new client:6507
new client:6508
new client:6509
new client:6510
new client:6511
new client:6512
new client:6513
new client:6514
new client:6515
new client:6516
new client:6517
new client:6518
new client:6519
new client:6520
new client:6521
new client:6522
new client:6523
new client:6524
new client:6525
new client:6526
new client:6527
new client:6528
new client:6529
new client:6530
new client:6531
new client:6532
new client:6533
new client:6534
new client:6535
new client:6536
new client:6537
new client:6538
new client:6539
new client:6540
new client:6541
new client:6542
new client:6543
new client:6544
new client:6545
new client:6546
new client:6547
new client:6548
new client:6549
new client:6550
new client:6551
new client:6552
new client:6553
new client:6554
new client:6555
new client:6556
new client:6557
new client:6558
new client:6559
new client:6560
new client:6561
new client:6562
new client:6563
new client:6564
new client:6565
new client:6566
new client:6567
new client:6568
new client:6569
new client:6570
new client:6571
new client:6572
new client:6573
new client:6574
new client:6575
new client:6576
new client:6577
new client:6578
new client:6579
new client:6580
new client:6581
new client:6582
new client:6583
new client:6584
new client:6585
new client:6586
new client:6587
new client:6588
new client:6589
new client:6590
new client:6591
new client:6592
new client:6593
new client:6594
new client:6595
new client:6596
new client:6597
new client:6598
new client:6599
new client:6600
new client:6601
new client:6602
new client:6603
new client:6604
new client:6605
new client:6606
new client:6607
new client:6608
new client:6609
new client:6610
new client:6611
new client:6612
new client:6613
new client:6614
new client:6615
new client:6616
new client:6617
new client:6618
new client:6619
new client:6620
new client:6621
new client:6622
new client:6623
new client:6624
new client:6625
new client:6626
new client:6627
new client:6628
new client:6629
new client:6630
new client:6631
new client:6632
new client:6633
new client:6634
new client:6635
new client:6636
new client:6637
new client:6638
new client:6639
new client:6640
new client:6641
new client:6642
new client:6643
new client:6644
new client:6645
new client:6646
new client:6647
new client:6648
new client:6649
new client:6650
new client:6651
new client:6652
new client:6653
new client:6654
new client:6655
new client:6656
new client:6657
new client:6658
new client:6659
new client:6660
new client:6661
new client:6662
new client:6663
new client:6664
new client:6665
new client:6666
new client:6667
new client:6668
new client:6669
new client:6670
new client:6671
new client:6672
new client:6673
new client:6674
new client:6675
new client:6676
new client:6677
new client:6678
new client:6679
new client:6680
new client:6681
new client:6682
new client:6683
new client:6684
new client:6685
new client:6686
new client:6687
new client:6688
new client:6689
new client:6690
new client:6691
new client:6692
new client:6693
new client:6694
new client:6695
new client:6696
new client:6697
new client:6698
new client:6699
new client:6700
new client:6701
new client:6702
new client:6703
new client:6704
new client:6705
new client:6706
new client:6707
new client:6708
new client:6709
new client:6710
new client:6711
new client:6712
new client:6713
new client:6714
new client:6715
new client:6716
new client:6717
new client:6718
new client:6719
new client:6720
new client:6721
new client:6722
new client:6723
new client:6724
new client:6725
new client:6726
new client:6727
new client:6728
new client:6729
new client:6730
new client:6731
new client:6732
new client:6733
new client:6734
new client:6735
new client:6736
new client:6737
new client:6738
new client:6739
new client:6740
new client:6741
new client:6742
new client:6743
new client:6744
new client:6745
new client:6746
new client:6747
new client:6748
new client:6749
new client:6750
new client:6751
new client:6752
new client:6753
new client:6754
new client:6755
new client:6756
new client:6757
new client:6758
new client:6759
new client:6760
new client:6761
new client:6762
new client:6763
new client:6764
new client:6765
new client:6766
new client:6767
new client:6768
new client:6769
new client:6770
new client:6771
new client:6772
new client:6773
new client:6774
new client:6775
new client:6776
new client:6777
new client:6778
new client:6779
new client:6780
new client:6781
new client:6782
new client:6783
new client:6784
new client:6785
new client:6786
new client:6787
new client:6788
new client:6789
new client:6790
new client:6791
new client:6792
new client:6793
new client:6794
new client:6795
new client:6796
new client:6797
new client:6798
new client:6799
new client:6800
new client:6801
new client:6802
new client:6803
new client:6804
new client:6805
new client:6806
new client:6807
new client:6808
new client:6809
new client:6810
new client:6811
new client:6812
new client:6813
new client:6814
new client:6815
new client:6816
new client:6817
new client:6818
new client:6819
new client:6820
new client:6821
new client:6822
new client:6823
new client:6824
new client:6825
new client:6826
new client:6827
new client:6828
new client:6829
new client:6830
new client:6831
new client:6832
new client:6833
new client:6834
new client:6835
new client:6836
new client:6837
new client:6838
new client:6839
new client:6840
new client:6841
new client:6842
new client:6843
new client:6844
new client:6845
new client:6846
new client:6847
new client:6848
new client:6849
new client:6850
new client:6851
new client:6852
new client:6853
new client:6854
new client:6855
new client:6856
new client:6857
new client:6858
new client:6859
new client:6860
new client:6861
new client:6862
new client:6863
new client:6864
new client:6865
new client:6866
new client:6867
new client:6868
new client:6869
new client:6870
new client:6871
new client:6872
new client:6873
new client:6874
new client:6875
new client:6876
new client:6877
new client:6878
new client:6879
new client:6880
new client:6881
new client:6882
new client:6883
new client:6884
new client:6885
new client:6886
new client:6887
new client:6888
new client:6889
new client:6890
new client:6891
new client:6892
new client:6893
new client:6894
new client:6895
new client:6896
new client:6897
new client:6898
new client:6899
new client:6900
new client:6901
new client:6902
new client:6903
new client:6904
new client:6905
new client:6906
new client:6907
new client:6908
new client:6909
new client:6910
new client:6911
new client:6912
new client:6913
new client:6914
new client:6915
new client:6916
new client:6917
new client:6918
new client:6919
new client:6920
new client:6921
new client:6922
new client:6923
new client:6924
new client:6925
new client:6926
new client:6927
new client:6928
new client:6929
new client:6930
new client:6931
new client:6932
new client:6933
new client:6934
new client:6935
new client:6936
new client:6937
new client:6938
new client:6939
new client:6940
new client:6941
new client:6942
new client:6943
new client:6944
new client:6945
new client:6946
new client:6947
new client:6948
new client:6949
new client:6950
new client:6951
new client:6952
new client:6953
new client:6954
new client:6955
new client:6956
new client:6957
new client:6958
new client:6959
new client:6960
new client:6961
new client:6962
new client:6963
new client:6964
new client:6965
new client:6966
new client:6967
new client:6968
new client:6969
new client:6970
new client:6971
new client:6972
new client:6973
new client:6974
new client:6975
new client:6976
new client:6977
new client:6978
new client:6979
new client:6980
new client:6981
new client:6982
new client:6983
new client:6984
new client:6985
new client:6986
new client:6987
new client:6988
new client:6989
new client:6990
new client:6991
new client:6992
new client:6993
new client:6994
new client:6995
new client:6996
new client:6997
new client:6998
new client:6999
new client:7000
new client:7001
new client:7002
new client:7003
new client:7004
new client:7005
new client:7006
new client:7007
new client:7008
new client:7009
new client:7010
new client:7011
new client:7012
new client:7013
new client:7014
new client:7015
new client:7016
new client:7017
new client:7018
new client:7019
new client:7020
new client:7021
new client:7022
new client:7023
new client:7024
new client:7025
new client:7026
new client:7027
new client:7028
new client:7029
new client:7030
new client:7031
new client:7032
new client:7033
new client:7034
new client:7035
new client:7036
new client:7037
new client:7038
new client:7039
new client:7040
new client:7041
new client:7042
new client:7043
new client:7044
new client:7045
new client:7046
new client:7047
new client:7048
new client:7049
new client:7050
new client:7051
new client:7052
new client:7053
new client:7054
new client:7055
new client:7056
new client:7057
new client:7058
new client:7059
new client:7060
new client:7061
new client:7062
new client:7063
new client:7064
new client:7065
new client:7066
new client:7067
new client:7068
new client:7069
new client:7070
new client:7071
new client:7072
new client:7073
new client:7074
new client:7075
new client:7076
new client:7077
new client:7078
new client:7079
new client:7080
new client:7081
new client:7082
new client:7083
new client:7084
new client:7085
new client:7086
new client:7087
new client:7088
new client:7089
new client:7090
new client:7091
new client:7092
new client:7093
new client:7094
new client:7095
new client:7096
new client:7097
new client:7098
new client:7099
new client:7100
new client:7101
new client:7102
new client:7103
new client:7104
new client:7105
new client:7106
new client:7107
new client:7108
new client:7109
new client:7110
new client:7111
new client:7112
new client:7113
new client:7114
new client:7115
new client:7116
new client:7117
new client:7118
new client:7119
new client:7120
new client:7121
new client:7122
new client:7123
new client:7124
new client:7125
new client:7126
new client:7127
new client:7128
new client:7129
new client:7130
new client:7131
new client:7132
new client:7133
new client:7134
new client:7135
new client:7136
new client:7137
new client:7138
new client:7139
new client:7140
new client:7141
new client:7142
new client:7143
new client:7144
new client:7145
new client:7146
new client:7147
new client:7148
new client:7149
new client:7150
new client:7151
new client:7152
new client:7153
new client:7154
new client:7155
new client:7156
new client:7157
new client:7158
new client:7159
new client:7160
new client:7161
new client:7162
new client:7163
new client:7164
new client:7165
new client:7166
new client:7167
new client:7168
new client:7169
new client:7170
new client:7171
new client:7172
new client:7173
new client:7174
new client:7175
new client:7176
new client:7177
new client:7178
new client:7179
new client:7180
new client:7181
new client:7182
new client:7183
new client:7184
new client:7185
new client:7186
new client:7187
new client:7188
new client:7189
new client:7190
new client:7191
new client:7192
new client:7193
new client:7194
new client:7195
new client:7196
new client:7197
new client:7198
new client:7199
new client:7200
new client:7201
new client:7202
new client:7203
new client:7204
new client:7205
new client:7206
new client:7207
new client:7208
new client:7209
new client:7210
new client:7211
new client:7212
new client:7213
new client:7214
new client:7215
new client:7216
new client:7217
new client:7218
new client:7219
new client:7220
new client:7221
new client:7222
new client:7223
new client:7224
new client:7225
new client:7226
new client:7227
new client:7228
new client:7229
new client:7230
new client:7231
new client:7232
new client:7233
new client:7234
new client:7235
new client:7236
new client:7237
new client:7238
new client:7239
new client:7240
new client:7241
new client:7242
new client:7243
new client:7244
new client:7245
new client:7246
new client:7247
new client:7248
new client:7249
new client:7250
new client:7251
new client:7252
new client:7253
new client:7254
new client:7255
new client:7256
new client:7257
new client:7258
new client:7259
new client:7260
new client:7261
new client:7262
new client:7263
new client:7264
new client:7265
new client:7266
new client:7267
new client:7268
new client:7269
new client:7270
new client:7271
new client:7272
new client:7273
new client:7274
new client:7275
new client:7276
new client:7277
new client:7278
new client:7279
new client:7280
new client:7281
new client:7282
new client:7283
new client:7284
new client:7285
new client:7286
new client:7287
new client:7288
new client:7289
new client:7290
new client:7291
new client:7292
new client:7293
new client:7294
new client:7295
new client:7296
new client:7297
new client:7298
new client:7299
new client:7300
new client:7301
new client:7302
new client:7303
new client:7304
new client:7305
new client:7306
new client:7307
new client:7308
new client:7309
new client:7310
new client:7311
new client:7312
new client:7313
new client:7314
new client:7315
new client:7316
new client:7317
new client:7318
new client:7319
new client:7320
new client:7321
new client:7322
new client:7323
new client:7324
new client:7325
new client:7326
new client:7327
new client:7328
new client:7329
new client:7330
new client:7331
new client:7332
new client:7333
new client:7334
new client:7335
new client:7336
new client:7337
new client:7338
new client:7339
new client:7340
new client:7341
new client:7342
new client:7343
new client:7344
new client:7345
new client:7346
new client:7347
new client:7348
new client:7349
new client:7350
new client:7351
new client:7352
new client:7353
new client:7354
new client:7355
new client:7356
new client:7357
new client:7358
new client:7359
new client:7360
new client:7361
new client:7362
new client:7363
new client:7364
new client:7365
new client:7366
new client:7367
new client:7368
new client:7369
new client:7370
new client:7371
new client:7372
new client:7373
new client:7374
new client:7375
new client:7376
new client:7377
new client:7378
new client:7379
new client:7380
new client:7381
new client:7382
new client:7383
new client:7384
new client:7385
new client:7386
new client:7387
new client:7388
new client:7389
new client:7390
new client:7391
new client:7392
new client:7393
new client:7394
new client:7395
new client:7396
new client:7397
new client:7398
new client:7399
new client:7400
new client:7401
new client:7402
new client:7403
new client:7404
new client:7405
new client:7406
new client:7407
new client:7408
new client:7409
new client:7410
new client:7411
new client:7412
new client:7413
new client:7414
new client:7415
new client:7416
new client:7417
new client:7418
new client:7419
new client:7420
new client:7421
new client:7422
new client:7423
new client:7424
new client:7425
new client:7426
new client:7427
new client:7428
new client:7429
new client:7430
new client:7431
new client:7432
new client:7433
new client:7434
new client:7435
new client:7436
new client:7437
new client:7438
new client:7439
new client:7440
new client:7441
new client:7442
new client:7443
new client:7444
new client:7445
new client:7446
new client:7447
new client:7448
new client:7449
new client:7450
new client:7451
new client:7452
new client:7453
new client:7454
new client:7455
new client:7456
new client:7457
new client:7458
new client:7459
new client:7460
new client:7461
new client:7462
new client:7463
new client:7464
new client:7465
new client:7466
new client:7467
new client:7468
new client:7469
new client:7470
new client:7471
new client:7472
new client:7473
new client:7474
new client:7475
new client:7476
new client:7477
new client:7478
new client:7479
new client:7480
new client:7481
new client:7482
new client:7483
new client:7484
new client:7485
new client:7486
new client:7487
new client:7488
new client:7489
new client:7490
new client:7491
new client:7492
new client:7493
new client:7494
new client:7495
new client:7496
new client:7497
new client:7498
new client:7499
new client:7500
new client:7501
new client:7502
new client:7503
new client:7504
new client:7505
new client:7506
new client:7507
new client:7508
new client:7509
new client:7510
new client:7511
new client:7512
new client:7513
new client:7514
new client:7515
new client:7516
new client:7517
new client:7518
new client:7519
new client:7520
new client:7521
new client:7522
new client:7523
new client:7524
new client:7525
new client:7526
new client:7527
new client:7528
new client:7529
new client:7530
new client:7531
new client:7532
new client:7533
new client:7534
new client:7535
new client:7536
new client:7537
new client:7538
new client:7539
new client:7540
new client:7541
new client:7542
new client:7543
new client:7544
new client:7545
new client:7546
new client:7547
new client:7548
new client:7549
new client:7550
new client:7551
new client:7552
new client:7553
new client:7554
new client:7555
new client:7556
new client:7557
new client:7558
new client:7559
new client:7560
new client:7561
new client:7562
new client:7563
new client:7564
new client:7565
new client:7566
new client:7567
new client:7568
new client:7569
new client:7570
new client:7571
new client:7572
new client:7573
new client:7574
new client:7575
new client:7576
new client:7577
new client:7578
new client:7579
new client:7580
new client:7581
new client:7582
new client:7583
new client:7584
new client:7585
new client:7586
new client:7587
new client:7588
new client:7589
new client:7590
new client:7591
new client:7592
new client:7593
new client:7594
new client:7595
new client:7596
new client:7597
new client:7598
new client:7599
new client:7600
new client:7601
new client:7602
new client:7603
new client:7604
new client:7605
new client:7606
new client:7607
new client:7608
new client:7609
new client:7610
new client:7611
new client:7612
new client:7613
new client:7614
new client:7615
new client:7616
new client:7617
new client:7618
new client:7619
new client:7620
new client:7621
new client:7622
new client:7623
new client:7624
new client:7625
new client:7626
new client:7627
new client:7628
new client:7629
new client:7630
new client:7631
new client:7632
new client:7633
new client:7634
new client:7635
new client:7636
new client:7637
new client:7638
new client:7639
new client:7640
new client:7641
new client:7642
new client:7643
new client:7644
new client:7645
new client:7646
new client:7647
new client:7648
new client:7649
new client:7650
new client:7651
new client:7652
new client:7653
new client:7654
new client:7655
new client:7656
new client:7657
new client:7658
new client:7659
new client:7660
new client:7661
new client:7662
new client:7663
new client:7664
new client:7665
new client:7666
new client:7667
new client:7668
new client:7669
new client:7670
new client:7671
new client:7672
new client:7673
new client:7674
new client:7675
new client:7676
new client:7677
new client:7678
new client:7679
new client:7680
new client:7681
new client:7682
new client:7683
new client:7684
new client:7685
new client:7686
new client:7687
new client:7688
new client:7689
new client:7690
new client:7691
new client:7692
new client:7693
new client:7694
new client:7695
new client:7696
new client:7697
new client:7698
new client:7699
new client:7700
new client:7701
new client:7702
new client:7703
new client:7704
new client:7705
new client:7706
new client:7707
new client:7708
new client:7709
new client:7710
new client:7711
new client:7712
new client:7713
new client:7714
new client:7715
new client:7716
new client:7717
new client:7718
new client:7719
new client:7720
new client:7721
new client:7722
new client:7723
new client:7724
new client:7725
new client:7726
new client:7727
new client:7728
new client:7729
new client:7730
new client:7731
new client:7732
new client:7733
new client:7734
new client:7735
new client:7736
new client:7737
new client:7738
new client:7739
new client:7740
new client:7741
new client:7742
new client:7743
new client:7744
new client:7745
new client:7746
new client:7747
new client:7748
new client:7749
new client:7750
new client:7751
new client:7752
new client:7753
new client:7754
new client:7755
new client:7756
new client:7757
new client:7758
new client:7759
new client:7760
new client:7761
new client:7762
new client:7763
new client:7764
new client:7765
new client:7766
new client:7767
new client:7768
new client:7769
new client:7770
new client:7771
new client:7772
new client:7773
new client:7774
new client:7775
new client:7776
new client:7777
new client:7778
new client:7779
new client:7780
new client:7781
new client:7782
new client:7783
new client:7784
new client:7785
new client:7786
new client:7787
new client:7788
new client:7789
new client:7790
new client:7791
new client:7792
new client:7793
new client:7794
new client:7795
new client:7796
new client:7797
new client:7798
new client:7799
new client:7800
new client:7801
new client:7802
new client:7803
new client:7804
new client:7805
new client:7806
new client:7807
new client:7808
new client:7809
new client:7810
new client:7811
new client:7812
new client:7813
new client:7814
new client:7815
new client:7816
new client:7817
new client:7818
new client:7819
new client:7820
new client:7821
new client:7822
new client:7823
new client:7824
new client:7825
new client:7826
new client:7827
new client:7828
new client:7829
new client:7830
new client:7831
new client:7832
new client:7833
new client:7834
new client:7835
new client:7836
new client:7837
new client:7838
new client:7839
new client:7840
new client:7841
new client:7842
new client:7843
new client:7844
new client:7845
new client:7846
new client:7847
new client:7848
new client:7849
new client:7850
new client:7851
new client:7852
new client:7853
new client:7854
new client:7855
new client:7856
new client:7857
new client:7858
new client:7859
new client:7860
new client:7861
new client:7862
new client:7863
new client:7864
new client:7865
new client:7866
new client:7867
new client:7868
new client:7869
new client:7870
new client:7871
new client:7872
new client:7873
new client:7874
new client:7875
new client:7876
new client:7877
new client:7878
new client:7879
new client:7880
new client:7881
new client:7882
new client:7883
new client:7884
new client:7885
new client:7886
new client:7887
new client:7888
new client:7889
new client:7890
new client:7891
new client:7892
new client:7893
new client:7894
new client:7895
new client:7896
new client:7897
new client:7898
new client:7899
new client:7900
new client:7901
new client:7902
new client:7903
new client:7904
new client:7905
new client:7906
new client:7907
new client:7908
new client:7909
new client:7910
new client:7911
new client:7912
new client:7913
new client:7914
new client:7915
new client:7916
new client:7917
new client:7918
new client:7919
new client:7920
new client:7921
new client:7922
new client:7923
new client:7924
new client:7925
new client:7926
new client:7927
new client:7928
new client:7929
new client:7930
new client:7931
new client:7932
new client:7933
new client:7934
new client:7935
new client:7936
new client:7937
new client:7938
new client:7939
new client:7940
new client:7941
new client:7942
new client:7943
new client:7944
new client:7945
new client:7946
new client:7947
new client:7948
new client:7949
new client:7950
new client:7951
new client:7952
new client:7953
new client:7954
new client:7955
new client:7956
new client:7957
new client:7958
new client:7959
new client:7960
new client:7961
new client:7962
new client:7963
new client:7964
new client:7965
new client:7966
new client:7967
new client:7968
new client:7969
new client:7970
new client:7971
new client:7972
new client:7973
new client:7974
new client:7975
new client:7976
new client:7977
new client:7978
new client:7979
new client:7980
new client:7981
new client:7982
new client:7983
new client:7984
new client:7985
new client:7986
new client:7987
new client:7988
new client:7989
new client:7990
new client:7991
new client:7992
new client:7993
new client:7994
new client:7995
new client:7996
new client:7997
new client:7998
new client:7999
new client:8000
new client:8001
new client:8002
new client:8003
new client:8004
new client:8005
new client:8006
new client:8007
new client:8008
new client:8009
new client:8010
new client:8011
new client:8012
new client:8013
new client:8014
new client:8015
new client:8016
new client:8017
new client:8018
new client:8019
new client:8020
new client:8021
new client:8022
new client:8023
new client:8024
new client:8025
new client:8026
new client:8027
new client:8028
new client:8029
new client:8030
new client:8031
new client:8032
new client:8033
new client:8034
new client:8035
new client:8036
new client:8037
new client:8038
new client:8039
new client:8040
new client:8041
new client:8042
new client:8043
new client:8044
new client:8045
new client:8046
new client:8047
new client:8048
new client:8049
new client:8050
new client:8051
new client:8052
new client:8053
new client:8054
new client:8055
new client:8056
new client:8057
new client:8058
new client:8059
new client:8060
new client:8061
new client:8062
new client:8063
new client:8064
new client:8065
new client:8066
new client:8067
new client:8068
new client:8069
new client:8070
new client:8071
new client:8072
new client:8073
new client:8074
new client:8075
new client:8076
new client:8077
new client:8078
new client:8079
new client:8080
new client:8081
new client:8082
new client:8083
new client:8084
new client:8085
new client:8086
new client:8087
new client:8088
new client:8089
new client:8090
new client:8091
new client:8092
new client:8093
new client:8094
new client:8095
new client:8096
new client:8097
new client:8098
new client:8099
new client:8100
new client:8101
new client:8102
new client:8103
new client:8104
new client:8105
new client:8106
new client:8107
new client:8108
new client:8109
new client:8110
new client:8111
new client:8112
new client:8113
new client:8114
new client:8115
new client:8116
new client:8117
new client:8118
new client:8119
new client:8120
new client:8121
new client:8122
new client:8123
new client:8124
new client:8125
new client:8126
new client:8127
new client:8128
new client:8129
new client:8130
new client:8131
new client:8132
new client:8133
new client:8134
new client:8135
new client:8136
new client:8137
new client:8138
new client:8139
new client:8140
new client:8141
new client:8142
new client:8143
new client:8144
new client:8145
new client:8146
new client:8147
new client:8148
new client:8149
new client:8150
new client:8151
new client:8152
new client:8153
new client:8154
new client:8155
new client:8156
new client:8157
new client:8158
new client:8159
new client:8160
new client:8161
new client:8162
new client:8163
new client:8164
new client:8165
new client:8166
new client:8167
new client:8168
new client:8169
new client:8170
new client:8171
new client:8172
new client:8173
new client:8174
new client:8175
new client:8176
new client:8177
new client:8178
new client:8179
new client:8180
new client:8181
new client:8182
new client:8183
new client:8184
new client:8185
new client:8186
new client:8187
new client:8188
new client:8189
new client:8190
new client:8191
new client:8192
new client:8193
new client:8194
new client:8195
new client:8196
new client:8197
new client:8198
new client:8199
new client:8200
new client:8201
new client:8202
new client:8203
new client:8204
new client:8205
new client:8206
new client:8207
new client:8208
new client:8209
new client:8210
new client:8211
new client:8212
new client:8213
new client:8214
new client:8215
new client:8216
new client:8217
new client:8218
new client:8219
new client:8220
new client:8221
new client:8222
new client:8223
new client:8224
new client:8225
new client:8226
new client:8227
new client:8228
new client:8229
new client:8230
new client:8231
new client:8232
new client:8233
new client:8234
new client:8235
new client:8236
new client:8237
new client:8238
new client:8239
new client:8240
new client:8241
new client:8242
new client:8243
new client:8244
new client:8245
new client:8246
new client:8247
new client:8248
new client:8249
new client:8250
new client:8251
new client:8252
new client:8253
new client:8254
new client:8255
new client:8256
new client:8257
new client:8258
new client:8259
new client:8260
new client:8261
new client:8262
new client:8263
new client:8264
new client:8265
new client:8266
new client:8267
new client:8268
new client:8269
new client:8270
new client:8271
new client:8272
new client:8273
new client:8274
new client:8275
new client:8276
new client:8277
new client:8278
new client:8279
new client:8280
new client:8281
new client:8282
new client:8283
new client:8284
new client:8285
new client:8286
new client:8287
new client:8288
new client:8289
new client:8290
new client:8291
new client:8292
new client:8293
new client:8294
new client:8295
new client:8296
new client:8297
new client:8298
new client:8299
new client:8300
new client:8301
new client:8302
new client:8303
new client:8304
new client:8305
new client:8306
new client:8307
new client:8308
new client:8309
new client:8310
new client:8311
new client:8312
new client:8313
new client:8314
new client:8315
new client:8316
new client:8317
new client:8318
new client:8319
new client:8320
new client:8321
new client:8322
new client:8323
new client:8324
new client:8325
new client:8326
new client:8327
new client:8328
new client:8329
new client:8330
new client:8331
new client:8332
new client:8333
new client:8334
new client:8335
new client:8336
new client:8337
new client:8338
new client:8339
new client:8340
new client:8341
new client:8342
new client:8343
new client:8344
new client:8345
new client:8346
new client:8347
new client:8348
new client:8349
new client:8350
new client:8351
new client:8352
new client:8353
new client:8354
new client:8355
new client:8356
new client:8357
new client:8358
new client:8359
new client:8360
new client:8361
new client:8362
new client:8363
new client:8364
new client:8365
new client:8366
new client:8367
new client:8368
new client:8369
new client:8370
new client:8371
new client:8372
new client:8373
new client:8374
new client:8375
new client:8376
new client:8377
new client:8378
new client:8379
new client:8380
new client:8381
new client:8382
new client:8383
new client:8384
new client:8385
new client:8386
new client:8387
new client:8388
new client:8389
new client:8390
new client:8391
new client:8392
new client:8393
new client:8394
new client:8395
new client:8396
new client:8397
new client:8398
new client:8399
new client:8400
new client:8401
new client:8402
new client:8403
new client:8404
new client:8405
new client:8406
new client:8407
new client:8408
new client:8409
new client:8410
new client:8411
new client:8412
new client:8413
new client:8414
new client:8415
new client:8416
new client:8417
new client:8418
new client:8419
new client:8420
new client:8421
new client:8422
new client:8423
new client:8424
new client:8425
new client:8426
new client:8427
new client:8428
new client:8429
new client:8430
new client:8431
new client:8432
new client:8433
new client:8434
new client:8435
new client:8436
new client:8437
new client:8438
new client:8439
new client:8440
new client:8441
new client:8442
new client:8443
new client:8444
new client:8445
new client:8446
new client:8447
new client:8448
new client:8449
new client:8450
new client:8451
new client:8452
new client:8453
new client:8454
new client:8455
new client:8456
new client:8457
new client:8458
new client:8459
new client:8460
new client:8461
new client:8462
new client:8463
new client:8464
new client:8465
new client:8466
new client:8467
new client:8468
new client:8469
new client:8470
new client:8471
new client:8472
new client:8473
new client:8474
new client:8475
new client:8476
new client:8477
new client:8478
new client:8479
new client:8480
new client:8481
new client:8482
new client:8483
new client:8484
new client:8485
new client:8486
new client:8487
new client:8488
new client:8489
new client:8490
new client:8491
new client:8492
new client:8493
new client:8494
new client:8495
new client:8496
new client:8497
new client:8498
new client:8499
new client:8500
new client:8501
new client:8502
new client:8503
new client:8504
new client:8505
new client:8506
new client:8507
new client:8508
new client:8509
new client:8510
new client:8511
new client:8512
new client:8513
new client:8514
new client:8515
new client:8516
new client:8517
new client:8518
new client:8519
new client:8520
new client:8521
new client:8522
new client:8523
new client:8524
new client:8525
new client:8526
new client:8527
new client:8528
new client:8529
new client:8530
new client:8531
new client:8532
new client:8533
new client:8534
new client:8535
new client:8536
new client:8537
new client:8538
new client:8539
new client:8540
new client:8541
new client:8542
new client:8543
new client:8544
new client:8545
new client:8546
new client:8547
new client:8548
new client:8549
new client:8550
new client:8551
new client:8552
new client:8553
new client:8554
new client:8555
new client:8556
new client:8557
new client:8558
new client:8559
new client:8560
new client:8561
new client:8562
new client:8563
new client:8564
new client:8565
new client:8566
new client:8567
new client:8568
new client:8569
new client:8570
new client:8571
new client:8572
new client:8573
new client:8574
new client:8575
new client:8576
new client:8577
new client:8578
new client:8579
new client:8580
new client:8581
new client:8582
new client:8583
new client:8584
new client:8585
new client:8586
new client:8587
new client:8588
new client:8589
new client:8590
new client:8591
new client:8592
new client:8593
new client:8594
new client:8595
new client:8596
new client:8597
new client:8598
new client:8599
new client:8600
new client:8601
new client:8602
new client:8603
new client:8604
new client:8605
new client:8606
new client:8607
new client:8608
new client:8609
new client:8610
new client:8611
new client:8612
new client:8613
new client:8614
new client:8615
new client:8616
new client:8617
new client:8618
new client:8619
new client:8620
new client:8621
new client:8622
new client:8623
new client:8624
new client:8625
new client:8626
new client:8627
new client:8628
new client:8629
new client:8630
new client:8631
new client:8632
new client:8633
new client:8634
new client:8635
new client:8636
new client:8637
new client:8638
new client:8639
new client:8640
new client:8641
new client:8642
new client:8643
new client:8644
new client:8645
new client:8646
new client:8647
new client:8648
new client:8649
new client:8650
new client:8651
new client:8652
new client:8653
new client:8654
new client:8655
new client:8656
new client:8657
new client:8658
new client:8659
new client:8660
new client:8661
new client:8662
new client:8663
new client:8664
new client:8665
new client:8666
new client:8667
new client:8668
new client:8669
new client:8670
new client:8671
new client:8672
new client:8673
new client:8674
new client:8675
new client:8676
new client:8677
new client:8678
new client:8679
new client:8680
new client:8681
new client:8682
new client:8683
new client:8684
new client:8685
new client:8686
new client:8687
new client:8688
new client:8689
new client:8690
new client:8691
new client:8692
new client:8693
new client:8694
new client:8695
new client:8696
new client:8697
new client:8698
new client:8699
new client:8700
new client:8701
new client:8702
new client:8703
new client:8704
new client:8705
new client:8706
new client:8707
new client:8708
new client:8709
new client:8710
new client:8711
new client:8712
new client:8713
new client:8714
new client:8715
new client:8716
new client:8717
new client:8718
new client:8719
new client:8720
new client:8721
new client:8722
new client:8723
new client:8724
new client:8725
new client:8726
new client:8727
new client:8728
new client:8729
new client:8730
new client:8731
new client:8732
new client:8733
new client:8734
new client:8735
new client:8736
new client:8737
new client:8738
new client:8739
new client:8740
new client:8741
new client:8742
new client:8743
new client:8744
new client:8745
new client:8746
new client:8747
new client:8748
new client:8749
new client:8750
new client:8751
new client:8752
new client:8753
new client:8754
new client:8755
new client:8756
new client:8757
new client:8758
new client:8759
new client:8760
new client:8761
new client:8762
new client:8763
new client:8764
new client:8765
new client:8766
new client:8767
new client:8768
new client:8769
new client:8770
new client:8771
new client:8772
new client:8773
new client:8774
new client:8775
new client:8776
new client:8777
new client:8778
new client:8779
new client:8780
new client:8781
new client:8782
new client:8783
new client:8784
new client:8785
new client:8786
new client:8787
new client:8788
new client:8789
new client:8790
new client:8791
new client:8792
new client:8793
new client:8794
new client:8795
new client:8796
new client:8797
new client:8798
new client:8799
new client:8800
new client:8801
new client:8802
new client:8803
new client:8804
new client:8805
new client:8806
new client:8807
new client:8808
new client:8809
new client:8810
new client:8811
new client:8812
new client:8813
new client:8814
new client:8815
new client:8816
new client:8817
new client:8818
new client:8819
new client:8820
new client:8821
new client:8822
new client:8823
new client:8824
new client:8825
new client:8826
new client:8827
new client:8828
new client:8829
new client:8830
new client:8831
new client:8832
new client:8833
new client:8834
new client:8835
new client:8836
new client:8837
new client:8838
new client:8839
new client:8840
new client:8841
new client:8842
new client:8843
new client:8844
new client:8845
new client:8846
new client:8847
new client:8848
new client:8849
new client:8850
new client:8851
new client:8852
new client:8853
new client:8854
new client:8855
new client:8856
new client:8857
new client:8858
new client:8859
new client:8860
new client:8861
new client:8862
new client:8863
new client:8864
new client:8865
new client:8866
new client:8867
new client:8868
new client:8869
new client:8870
new client:8871
new client:8872
new client:8873
new client:8874
new client:8875
new client:8876
new client:8877
new client:8878
new client:8879
new client:8880
new client:8881
new client:8882
new client:8883
new client:8884
new client:8885
new client:8886
new client:8887
new client:8888
new client:8889
new client:8890
new client:8891
new client:8892
new client:8893
new client:8894
new client:8895
new client:8896
new client:8897
new client:8898
new client:8899
new client:8900
new client:8901
new client:8902
new client:8903
new client:8904
new client:8905
new client:8906
new client:8907
new client:8908
new client:8909
new client:8910
new client:8911
new client:8912
new client:8913
new client:8914
new client:8915
new client:8916
new client:8917
new client:8918
new client:8919
new client:8920
new client:8921
new client:8922
new client:8923
new client:8924
new client:8925
new client:8926
new client:8927
new client:8928
new client:8929
new client:8930
new client:8931
new client:8932
new client:8933
new client:8934
new client:8935
new client:8936
new client:8937
new client:8938
new client:8939
new client:8940
new client:8941
new client:8942
new client:8943
new client:8944
new client:8945
new client:8946
new client:8947
new client:8948
new client:8949
new client:8950
new client:8951
new client:8952
new client:8953
new client:8954
new client:8955
new client:8956
new client:8957
new client:8958
new client:8959
new client:8960
new client:8961
new client:8962
new client:8963
new client:8964
new client:8965
new client:8966
new client:8967
new client:8968
new client:8969
new client:8970
new client:8971
new client:8972
new client:8973
new client:8974
new client:8975
new client:8976
new client:8977
new client:8978
new client:8979
new client:8980
new client:8981
new client:8982
new client:8983
new client:8984
new client:8985
new client:8986
new client:8987
new client:8988
new client:8989
new client:8990
new client:8991
new client:8992
new client:8993
new client:8994
new client:8995
new client:8996
new client:8997
new client:8998
new client:8999
new client:9000
new client:9001
new client:9002
new client:9003
new client:9004
new client:9005
new client:9006
new client:9007
new client:9008
new client:9009
new client:9010
new client:9011
new client:9012
new client:9013
new client:9014
new client:9015
new client:9016
new client:9017
new client:9018
new client:9019
new client:9020
new client:9021
new client:9022
new client:9023
new client:9024
new client:9025
new client:9026
new client:9027
new client:9028
new client:9029
new client:9030
new client:9031
new client:9032
new client:9033
new client:9034
new client:9035
new client:9036
new client:9037
new client:9038
new client:9039
new client:9040
new client:9041
new client:9042
new client:9043
new client:9044
new client:9045
new client:9046
new client:9047
new client:9048
new client:9049
new client:9050
new client:9051
new client:9052
new client:9053
new client:9054
new client:9055
new client:9056
new client:9057
new client:9058
new client:9059
new client:9060
new client:9061
new client:9062
new client:9063
new client:9064
new client:9065
new client:9066
new client:9067
new client:9068
new client:9069
new client:9070
new client:9071
new client:9072
new client:9073
new client:9074
new client:9075
new client:9076
new client:9077
new client:9078
new client:9079
new client:9080
new client:9081
new client:9082
new client:9083
new client:9084
new client:9085
new client:9086
new client:9087
new client:9088
new client:9089
new client:9090
new client:9091
new client:9092
new client:9093
new client:9094
new client:9095
new client:9096
new client:9097
new client:9098
new client:9099
new client:9100
new client:9101
new client:9102
new client:9103
new client:9104
new client:9105
new client:9106
new client:9107
new client:9108
new client:9109
new client:9110
new client:9111
new client:9112
new client:9113
new client:9114
new client:9115
new client:9116
new client:9117
new client:9118
new client:9119
new client:9120
new client:9121
new client:9122
new client:9123
new client:9124
new client:9125
new client:9126
new client:9127
new client:9128
new client:9129
new client:9130
new client:9131
new client:9132
new client:9133
new client:9134
new client:9135
new client:9136
new client:9137
new client:9138
new client:9139
new client:9140
new client:9141
new client:9142
new client:9143
new client:9144
new client:9145
new client:9146
new client:9147
new client:9148
new client:9149
new client:9150
new client:9151
new client:9152
new client:9153
new client:9154
new client:9155
new client:9156
new client:9157
new client:9158
new client:9159
new client:9160
new client:9161
new client:9162
new client:9163
new client:9164
new client:9165
new client:9166
new client:9167
new client:9168
new client:9169
new client:9170
new client:9171
new client:9172
new client:9173
new client:9174
new client:9175
new client:9176
new client:9177
new client:9178
new client:9179
new client:9180
new client:9181
new client:9182
new client:9183
new client:9184
new client:9185
new client:9186
new client:9187
new client:9188
new client:9189
new client:9190
new client:9191
new client:9192
new client:9193
new client:9194
new client:9195
new client:9196
new client:9197
new client:9198
new client:9199
new client:9200
new client:9201
new client:9202
new client:9203
new client:9204
new client:9205
new client:9206
new client:9207
new client:9208
new client:9209
new client:9210
new client:9211
new client:9212
new client:9213
new client:9214
new client:9215
new client:9216
new client:9217
new client:9218
new client:9219
new client:9220
new client:9221
new client:9222
new client:9223
new client:9224
new client:9225
new client:9226
new client:9227
new client:9228
new client:9229
new client:9230
new client:9231
new client:9232
new client:9233
new client:9234
new client:9235
new client:9236
new client:9237
new client:9238
new client:9239
new client:9240
new client:9241
new client:9242
new client:9243
new client:9244
new client:9245
new client:9246
new client:9247
new client:9248
new client:9249
new client:9250
new client:9251
new client:9252
new client:9253
new client:9254
new client:9255
new client:9256
new client:9257
new client:9258
new client:9259
new client:9260
new client:9261
new client:9262
new client:9263
new client:9264
new client:9265
new client:9266
new client:9267
new client:9268
new client:9269
new client:9270
new client:9271
new client:9272
new client:9273
new client:9274
new client:9275
new client:9276
new client:9277
new client:9278
new client:9279
new client:9280
new client:9281
new client:9282
new client:9283
new client:9284
new client:9285
new client:9286
new client:9287
new client:9288
new client:9289
new client:9290
new client:9291
new client:9292
new client:9293
new client:9294
new client:9295
new client:9296
new client:9297
new client:9298
new client:9299
new client:9300
new client:9301
new client:9302
new client:9303
new client:9304
new client:9305
new client:9306
new client:9307
new client:9308
new client:9309
new client:9310
new client:9311
new client:9312
new client:9313
new client:9314
new client:9315
new client:9316
new client:9317
new client:9318
new client:9319
new client:9320
new client:9321
new client:9322
new client:9323
new client:9324
new client:9325
new client:9326
new client:9327
new client:9328
new client:9329
new client:9330
new client:9331
new client:9332
new client:9333
new client:9334
new client:9335
new client:9336
new client:9337
new client:9338
new client:9339
new client:9340
new client:9341
new client:9342
new client:9343
new client:9344
new client:9345
new client:9346
new client:9347
new client:9348
new client:9349
new client:9350
new client:9351
new client:9352
new client:9353
new client:9354
new client:9355
new client:9356
new client:9357
new client:9358
new client:9359
new client:9360
new client:9361
new client:9362
new client:9363
new client:9364
new client:9365
new client:9366
new client:9367
new client:9368
new client:9369
new client:9370
new client:9371
new client:9372
new client:9373
new client:9374
new client:9375
new client:9376
new client:9377
new client:9378
new client:9379
new client:9380
new client:9381
new client:9382
new client:9383
new client:9384
new client:9385
new client:9386
new client:9387
new client:9388
new client:9389
new client:9390
new client:9391
new client:9392
new client:9393
new client:9394
new client:9395
new client:9396
new client:9397
new client:9398
new client:9399
new client:9400
new client:9401
new client:9402
new client:9403
new client:9404
new client:9405
new client:9406
new client:9407
new client:9408
new client:9409
new client:9410
new client:9411
new client:9412
new client:9413
new client:9414
new client:9415
new client:9416
new client:9417
new client:9418
new client:9419
new client:9420
new client:9421
new client:9422
new client:9423
new client:9424
new client:9425
new client:9426
new client:9427
new client:9428
new client:9429
new client:9430
new client:9431
new client:9432
new client:9433
new client:9434
new client:9435
new client:9436
new client:9437
new client:9438
new client:9439
new client:9440
new client:9441
new client:9442
new client:9443
new client:9444
new client:9445
new client:9446
new client:9447
new client:9448
new client:9449
new client:9450
new client:9451
new client:9452
new client:9453
new client:9454
new client:9455
new client:9456
new client:9457
new client:9458
new client:9459
new client:9460
new client:9461
new client:9462
new client:9463
new client:9464
new client:9465
new client:9466
new client:9467
new client:9468
new client:9469
new client:9470
new client:9471
new client:9472
new client:9473
new client:9474
new client:9475
new client:9476
new client:9477
new client:9478
new client:9479
new client:9480
new client:9481
new client:9482
new client:9483
new client:9484
new client:9485
new client:9486
new client:9487
new client:9488
new client:9489
new client:9490
new client:9491
new client:9492
new client:9493
new client:9494
new client:9495
new client:9496
new client:9497
new client:9498
new client:9499
new client:9500
new client:9501
new client:9502
new client:9503
new client:9504
new client:9505
new client:9506
new client:9507
new client:9508
new client:9509
new client:9510
new client:9511
new client:9512
new client:9513
new client:9514
new client:9515
new client:9516
new client:9517
new client:9518
new client:9519
new client:9520
new client:9521
new client:9522
new client:9523
new client:9524
new client:9525
new client:9526
new client:9527
new client:9528
new client:9529
new client:9530
new client:9531
new client:9532
new client:9533
new client:9534
new client:9535
new client:9536
new client:9537
new client:9538
new client:9539
new client:9540
new client:9541
new client:9542
new client:9543
new client:9544
new client:9545
new client:9546
new client:9547
new client:9548
new client:9549
new client:9550
new client:9551
new client:9552
new client:9553
new client:9554
new client:9555
new client:9556
new client:9557
new client:9558
new client:9559
new client:9560
new client:9561
new client:9562
new client:9563
new client:9564
new client:9565
new client:9566
new client:9567
new client:9568
new client:9569
new client:9570
new client:9571
new client:9572
new client:9573
new client:9574
new client:9575
new client:9576
new client:9577
new client:9578
new client:9579
new client:9580
new client:9581
new client:9582
new client:9583
new client:9584
new client:9585
new client:9586
new client:9587
new client:9588
new client:9589
new client:9590
new client:9591
new client:9592
new client:9593
new client:9594
new client:9595
new client:9596
new client:9597
new client:9598
new client:9599
new client:9600
new client:9601
new client:9602
new client:9603
new client:9604
new client:9605
new client:9606
new client:9607
new client:9608
new client:9609
new client:9610
new client:9611
new client:9612
new client:9613
new client:9614
new client:9615
new client:9616
new client:9617
new client:9618
new client:9619
new client:9620
new client:9621
new client:9622
new client:9623
new client:9624
new client:9625
new client:9626
new client:9627
new client:9628
new client:9629
new client:9630
new client:9631
new client:9632
new client:9633
new client:9634
new client:9635
new client:9636
new client:9637
new client:9638
new client:9639
new client:9640
new client:9641
new client:9642
new client:9643
new client:9644
new client:9645
new client:9646
new client:9647
new client:9648
new client:9649
new client:9650
new client:9651
new client:9652
new client:9653
new client:9654
new client:9655
new client:9656
new client:9657
new client:9658
new client:9659
new client:9660
new client:9661
new client:9662
new client:9663
new client:9664
new client:9665
new client:9666
new client:9667
new client:9668
new client:9669
new client:9670
new client:9671
new client:9672
new client:9673
new client:9674
new client:9675
new client:9676
new client:9677
new client:9678
new client:9679
new client:9680
new client:9681
new client:9682
new client:9683
new client:9684
new client:9685
new client:9686
new client:9687
new client:9688
new client:9689
new client:9690
new client:9691
new client:9692
new client:9693
new client:9694
new client:9695
new client:9696
new client:9697
new client:9698
new client:9699
new client:9700
new client:9701
new client:9702
new client:9703
new client:9704
new client:9705
new client:9706
new client:9707
new client:9708
new client:9709
new client:9710
new client:9711
new client:9712
new client:9713
new client:9714
new client:9715
new client:9716
new client:9717
new client:9718
new client:9719
new client:9720
new client:9721
new client:9722
new client:9723
new client:9724
new client:9725
new client:9726
new client:9727
new client:9728
new client:9729
new client:9730
new client:9731
new client:9732
new client:9733
new client:9734
new client:9735
new client:9736
new client:9737
new client:9738
new client:9739
new client:9740
new client:9741
new client:9742
new client:9743
new client:9744
new client:9745
new client:9746
new client:9747
new client:9748
new client:9749
new client:9750
new client:9751
new client:9752
new client:9753
new client:9754
new client:9755
new client:9756
new client:9757
new client:9758
new client:9759
new client:9760
new client:9761
new client:9762
new client:9763
new client:9764
new client:9765
new client:9766
new client:9767
new client:9768
new client:9769
new client:9770
new client:9771
new client:9772
new client:9773
new client:9774
new client:9775
new client:9776
new client:9777
new client:9778
new client:9779
new client:9780
new client:9781
new client:9782
new client:9783
new client:9784
new client:9785
new client:9786
new client:9787
new client:9788
new client:9789
new client:9790
new client:9791
new client:9792
new client:9793
new client:9794
new client:9795
new client:9796
new client:9797
new client:9798
new client:9799
new client:9800
new client:9801
new client:9802
new client:9803
new client:9804
new client:9805
new client:9806
new client:9807
new client:9808
new client:9809
new client:9810
new client:9811
new client:9812
new client:9813
new client:9814
new client:9815
new client:9816
new client:9817
new client:9818
new client:9819
new client:9820
new client:9821
new client:9822
new client:9823
new client:9824
new client:9825
new client:9826
new client:9827
new client:9828
new client:9829
new client:9830
new client:9831
new client:9832
new client:9833
new client:9834
new client:9835
new client:9836
new client:9837
new client:9838
new client:9839
new client:9840
new client:9841
new client:9842
new client:9843
new client:9844
new client:9845
new client:9846
new client:9847
new client:9848
new client:9849
new client:9850
new client:9851
new client:9852
new client:9853
new client:9854
new client:9855
new client:9856
new client:9857
new client:9858
new client:9859
new client:9860
new client:9861
new client:9862
new client:9863
new client:9864
new client:9865
new client:9866
new client:9867
new client:9868
new client:9869
new client:9870
new client:9871
new client:9872
new client:9873
new client:9874
new client:9875
new client:9876
new client:9877
new client:9878
new client:9879
new client:9880
new client:9881
new client:9882
new client:9883
new client:9884
new client:9885
new client:9886
new client:9887
new client:9888
new client:9889
new client:9890
new client:9891
new client:9892
new client:9893
new client:9894
new client:9895
new client:9896
new client:9897
new client:9898
new client:9899
new client:9900
new client:9901
new client:9902
new client:9903
new client:9904
new client:9905
new client:9906
new client:9907
new client:9908
new client:9909
new client:9910
new client:9911
new client:9912
new client:9913
new client:9914
new client:9915
new client:9916
new client:9917
new client:9918
new client:9919
new client:9920
new client:9921
new client:9922
new client:9923
new client:9924
new client:9925
new client:9926
new client:9927
new client:9928
new client:9929
new client:9930
new client:9931
new client:9932
new client:9933
new client:9934
new client:9935
new client:9936
new client:9937
new client:9938
new client:9939
new client:9940
new client:9941
new client:9942
new client:9943
new client:9944
new client:9945
new client:9946
new client:9947
new client:9948
new client:9949
new client:9950
new client:9951
new client:9952
new client:9953
new client:9954
new client:9955
new client:9956
new client:9957
new client:9958
new client:9959
new client:9960
new client:9961
new client:9962
new client:9963
new client:9964
new client:9965
new client:9966
new client:9967
new client:9968
new client:9969
new client:9970
new client:9971
new client:9972
new client:9973
new client:9974
new client:9975
new client:9976
new client:9977
new client:9978
new client:9979
new client:9980
new client:9981
new client:9982
new client:9983
new client:9984
new client:9985
new client:9986
new client:9987
new client:9988
new client:9989
new client:9990
new client:9991
new client:9992
new client:9993
new client:9994
new client:9995
new client:9996
new client:9997
new client:9998
new client:9999
new client:10000
new client:10001
new client:10002
new client:10003
new client:10004
new client:10005
new client:10006
new client:10007
close client
close client
close client
close client
close client
close client
close client
close client
close client
close client
close client
close client
close client
close client
close client
close client
close client
close client
close client
close client
close client
close client
close client
close client
close client
close client
close client
close client
close client
close client
close client
close client
close client
close client
close client
close client
close client
close client
close client
close client
close client
close client
close client
close client
close client
close client
close client
close client
close client
close client
close client
close client
close client
close client
close client
close client
close client
close client
close client
close client
close client
close client
close client
close client
close client
close client
close client
close client
close client
close client
close client
close client
close client
close client
close client
close client
close client
close client
close client
close client
close client
close client
close client
close client
close client
close client
close client
close client
close client
close client
close client
close client
close client
close client
close client
close client
close client
close client
close client
close client
close client
close client
close client
close client
close client
close client
close client
close client
close client
close client
close client
close client
close client
close client
close client
close client
close client
close client
close client
close client
close client
close client
close client
close client
close client
close client
close client
close client
close client
close client
close client
close client
close client
close client
close client
close client
close client
close client
close client
close client
close client
close client
close client
close client
close client
close client
close client
close client
close client
close client
close client
close client
close client
close client
close client
close client
close client
close client
close client
close client
close client
close client
close client
close client
close client
close client
close client
close client
close client
close client
close client
close client
close client
close client
close client
close client
close client
close client
close client
close client
close client
close client
close client
close client
close client
close client
close client
close client
close client
close client
close client
close client
close client
close client
close client
close client
close client
close client
close client
close client
close client
close client
close client
close client
close client
close client
close client
close client
close client
close client
close client
close client
close client
close client
close client
close client
close client
close client
close client
close client
close client
close client
close client
close client
close client
close client
close client
close client
close client
close client
close client
close client
close client
close client
close client
close client
close client
close client
close client
close client
close client
close client
close client
close client
close client
close client
close client
close client
close client
close client
close client
close client
close client
close client
close client
close client
close client
close client
close client
close client
close client
close client
close client
close client
close client
close client
close client
close client
close client
close client
close client
close client
close client
close client
close client
close client
close client
close client
close client
close client
close client
close client
close client
close client
close client
close client
close client
close client
close client
close client
close client
close client
close client
close client
close client
close client
close client
close client
close client
close client
close client
close client
close client
close client
close client
close client
close client
close client
close client
close client
close client
close client
close client
close client
close client
close client
close client
close client
close client
close client
close client
close client
close client
close client
close client
close client
close client
close client
close client
close client
close client
close client
close client
close client
close client
close client
close client
close client
close client
close client
close client
close client
close client
close client
close client
close client
close client
close client
close client
close client
close client
close client
close client
close client
close client
close client
close client
close client
close client
close client
close client
close client
close client
close client
close client
close client
close client
close client
close client
close client
close client
close client
close client
close client
close client
close client
close client
close client
close client
close client
close client
close client
close client
close client
close client
close client
close client
close client
close client
close client
close client
close client
close client
close client
close client
close client
close client
close client
close client
close client
close client
close client
close client
close client
close client
close client
close client
close client
close client
close client
close client
close client
close client
close client
close client
close client
close client
close client
close client
close client
close client
close client
close client
close client
close client
close client
close client
close client
close client
close client
close client
close client
close client
close client
close client
close client
close client
close client
close client
close client
close client
close client
close client
close client
close client
close client
close client
close client
close client
close client
close client
close client
close client
close client
close client
close client
close client
close client
close client
close client
close client
close client
close client
close client
close client
close client
close client
close client
close client
close client
close client
close client
close client
close client
close client
close client
close client
close client
close client
close client
close client
close client
close client
close client
close client
close client
close client
close client
close client
close client
close client
close client
close client
close client
close client
close client
close client
close client
close client
close client
close client
close client
close client
close client
close client
close client
close client
close client
close client
close client
close client
close client
close client
close client
close client
close client
close client
close client
close client
close client
close client
close client
close client
close client
close client
close client
close client
close client
close client
close client
close client
close client
close client
close client
close client
close client
close client
close client
close client
close client
close client
close client
close client
close client
close client
close client
close client
close client
close client
close client
close client
close client
close client
close client
close client
close client
close client
close client
close client
close client
close client
close client
close client
close client
close client
close client
close client
close client
close client
close client
close client
close client
close client
close client
close client
close client
close client
close client
close client
close client
close client
close client
close client
close client
close client
close client
close client
close client
close client
close client
close client
close client
close client
close client
close client
close client
close client
close client
close client
close client
close client
close client
close client
close client
close client
close client
close client
close client
close client
close client
close client
close client
close client
close client
close client
close client
close client
close client
close client
close client
close client
close client
close client
close client
close client
close client
close client
close client
close client
close client
close client
close client
close client
close client
close client
close client
close client
close client
close client
close client
close client
close client
close client
close client
close client
close client
close client
close client
close client
close client
close client
close client
close client
close client
close client
close client
close client
close client
close client
close client
close client
close client
close client
close client
close client
close client
close client
close client
close client
close client
close client
close client
close client
close client
close client
close client
close client
close client
close client
close client
close client
close client
close client
close client
close client
close client
close client
close client
close client
close client
close client
close client
close client
close client
close client
close client
close client
close client
close client
close client
close client
close client
close client
close client
close client
close client
close client
close client
close client
close client
close client
close client
close client
close client
close client
close client
close client
close client
close client
close client
close client
close client
close client
close client
close client
close client
close client
close client
close client
close client
close client
close client
close client
close client
close client
close client
close client
close client
close client
close client
close client
close client
close client
close client
close client
close client
close client
close client
close client
close client
close client
close client
close client
close client
close client
close client
close client
close client
close client
close client
close client
close client
close client
close client
close client
close client
close client
close client
close client
close client
close client
close client
close client
close client
close client
close client
close client
close client
close client
close client
close client
close client
close client
close client
close client
close client
close client
close client
close client
close client
close client
close client
close client
close client
close client
close client
close client
close client
close client
close client
close client
close client
close client
close client
close client
close client
close client
close client
close client
close client
close client
close client
close client
close client
close client
close client
close client
close client
close client
close client
close client
close client
close client
close client
close client
close client
close client
close client
close client
close client
close client
close client
close client
close client
close client
close client
close client
close client
close client
close client
close client
close client
close client
close client
close client
close client
close client
close client
close client
close client
close client
close client
close client
close client
close client
close client
close client
close client
close client
close client
close client
close client
close client
close client
close client
close client
close client
close client
close client
close client
close client
close client
close client
close client
close client
close client
close client
close client
close client
close client
close client
close client
close client
close client
close client
close client
close client
close client
close client
close client
close client
close client
close client
close client
close client
close client
close client
close client
close client
close client
close client
close client
close client
close client
close client
close client
close client
close client
close client
close client
close client
close client
close client
close client
close client
close client
close client
close client
close client
close client
close client
close client
close client
close client
close client
close client
close client
close client
close client
close client
close client
close client
close client
close client
close client
close client
close client
close client
close client
close client
close client
close client
close client
close client
close client
close client
close client
close client
close client
close client
close client
close client
close client
close client
close client
close client
close client
close client
close client
close client
close client
close client
close client
close client
close client
close client
close client
close client
close client
close client
close client
close client
close client
close client
close client
close client
close client
close client
close client
close client
close client
close client
close client
close client
close client
close client
close client
close client
close client
close client
close client
close client
close client
close client
close client
close client
close client
close client
close client
close client
close client
close client
close client
close client
close client
close client
close client
close client
close client
close client
close client
close client
close client
close client
close client
close client
close client
close client
close client
close client
close client
close client
close client
close client
close client
close client
close client
close client
close client
close client
close client
close client
close client
close client
close client
close client
close client
close client
close client
close client
close client
close client
close client
close client
close client
close client
close client
close client
close client
close client
close client
close client
close client
close client
close client
close client
close client
close client
close client
close client
close client
close client
close client
close client
close client
close client
close client
close client
close client
close client
close client
close client
close client
close client
close client
close client
close client
close client
close client
close client
close client
close client
close client
close client
close client
close client
close client
close client
close client
close client
close client
close client
close client
close client
close client
close client
close client
close client
close client
close client
close client
close client
close client
close client
close client
close client
close client
close client
close client
close client
close client
close client
close client
close client
close client
close client
close client
close client
close client
close client
close client
close client
close client
close client
close client
close client
close client
close client
close client
close client
close client
close client
close client
close client
close client
close client
close client
close client
close client
close client
close client
close client
close client
close client
close client
close client
close client
close client
close client
close client
close client
close client
close client
close client
close client
close client
close client
close client
close client
close client
close client
close client
close client
close client
close client
close client
close client
close client
close client
close client
close client
close client
close client
close client
close client
close client
close client
close client
close client
close client
close client
close client
close client
close client
close client
close client
close client
close client
close client
close client
close client
close client
close client
close client
close client
close client
close client
close client
close client
close client
close client
close client
close client
close client
close client
close client
close client
close client
close client
close client
close client
close client
close client
close client
close client
close client
close client
close client
close client
close client
close client
close client
close client
close client
close client
close client
close client
close client
close client
close client
close client
close client
close client
close client
close client
close client
close client
close client
close client
close client
close client
close client
close client
close client
close client
close client
close client
close client
close client
close client
close client
close client
close client
close client
close client
close client
close client
close client
close client
close client
close client
close client
close client
close client
close client
close client
close client
close client
close client
close client
close client
close client
close client
close client
close client
close client
close client
close client
close client
close client
close client
close client
close client
close client
close client
close client
close client
close client
close client
close client
close client
close client
close client
close client
close client
close client
close client
close client
close client
close client
close client
close client
close client
close client
close client
close client
close client
close client
close client
close client
close client
close client
close client
close client
close client
close client
close client
close client
close client
close client
close client
close client
close client
close client
close client
close client
close client
close client
close client
close client
close client
close client
close client
close client
close client
close client
close client
close client
close client
close client
close client
close client
close client
close client
close client
close client
close client
close client
close client
close client
close client
close client
close client
close client
close client
close client
close client
close client
close client
close client
close client
close client
close client
close client
close client
close client
close client
close client
close client
close client
close client
close client
close client
close client
close client
close client
close client
close client
close client
close client
close client
close client
close client
close client
close client
close client
close client
close client
close client
close client
close client
close client
close client
close client
close client
close client
close client
close client
close client
close client
close client
close client
close client
close client
close client
close client
close client
close client
close client
close client
close client
close client
close client
close client
close client
close client
close client
close client
close client
close client
close client
close client
close client
close client
close client
close client
close client
close client
close client
close client
close client
close client
close client
close client
close client
close client
close client
close client
close client
close client
close client
close client
close client
close client
close client
close client
close client
close client
close client
close client
close client
close client
close client
close client
close client
close client
close client
close client
close client
close client
close client
close client
close client
close client
close client
close client
close client
close client
close client
close client
close client
close client
close client
close client
close client
close client
close client
close client
close client
close client
close client
close client
close client
close client
close client
close client
close client
close client
close client
close client
close client
close client
close client
close client
close client
close client
close client
close client
close client
close client
close client
close client
close client
close client
close client
close client
close client
close client
close client
close client
close client
close client
close client
close client
close client
close client
close client
close client
close client
close client
close client
close client
close client
close client
close client
close client
close client
close client
close client
close client
close client
close client
close client
close client
close client
close client
close client
close client
close client
close client
close client
close client
close client
close client
close client
close client
close client
close client
close client
close client
close client
close client
close client
close client
close client
close client
close client
close client
close client
close client
close client
close client
close client
close client
close client
close client
close client
close client
close client
close client
close client
close client
close client
close client
close client
close client
close client
close client
close client
close client
close client
close client
close client
close client
close client
close client
close client
close client
close client
close client
close client
close client
close client
close client
close client
close client
close client
close client
close client
close client
close client
close client
close client
close client
close client
close client
close client
close client
close client
close client
close client
close client
close client
close client
close client
close client
close client
close client
close client
close client
close client
close client
close client
close client
close client
close client
close client
close client
close client
close client
close client
close client
close client
close client
close client
close client
close client
close client
close client
close client
close client
close client
close client
close client
close client
close client
close client
close client
close client
close client
close client
close client
close client
close client
close client
close client
close client
close client
close client
close client
close client
close client
close client
close client
close client
close client
close client
close client
close client
close client
close client
close client
close client
close client
close client
close client
close client
close client
close client
close client
close client
close client
close client
close client
close client
close client
close client
close client
close client
close client
close client
close client
close client
close client
close client
close client
close client
close client
close client
close client
close client
close client
close client
close client
close client
close client
close client
close client
close client
close client
close client
close client
close client
close client
close client
close client
close client
close client
close client
close client
close client
close client
close client
close client
close client
close client
close client
close client
close client
close client
close client
close client
close client
close client
close client
close client
close client
close client
close client
close client
close client
close client
close client
close client
close client
close client
close client
close client
close client
close client
close client
close client
close client
close client
close client
close client
close client
close client
close client
close client
close client
close client
close client
close client
close client
close client
close client
close client
close client
close client
close client
close client
close client
close client
close client
close client
close client
close client
close client
close client
close client
close client
close client
close client
close client
close client
close client
close client
close client
close client
close client
close client
close client
close client
close client
close client
close client
close client
close client
close client
close client
close client
close client
close client
close client
close client
close client
close client
close client
close client
close client
close client
close client
close client
close client
close client
close client
close client
close client
close client
close client
close client
close client
close client
close client
close client
close client
close client
close client
close client
close client
close client
close client
close client
close client
close client
close client
close client
close client
close client
close client
close client
close client
close client
close client
close client
close client
close client
close client
close client
close client
close client
close client
close client
close client
close client
close client
close client
close client
close client
close client
close client
close client
close client
close client
close client
close client
close client
close client
close client
close client
close client
close client
close client
close client
close client
close client
close client
close client
close client
close client
close client
close client
close client
close client
close client
close client
close client
close client
close client
close client
close client
close client
close client
close client
close client
close client
close client
close client
close client
close client
close client
close client
close client
close client
close client
close client
close client
close client
close client
close client
close client
close client
close client
close client
close client
close client
close client
close client
close client
close client
close client
close client
close client
close client
close client
close client
close client
close client
close client
close client
close client
close client
close client
close client
close client
close client
close client
close client
close client
close client
close client
close client
close client
close client
close client
close client
close client
close client
close client
close client
close client
close client
close client
close client
close client
close client
close client
close client
close client
close client
close client
close client
close client
close client
close client
close client
close client
close client
close client
close client
close client
close client
close client
close client
close client
close client
close client
close client
close client
close client
close client
close client
close client
close client
close client
close client
close client
close client
close client
close client
close client
close client
close client
close client
close client
close client
close client
close client
close client
close client
close client
close client
close client
close client
close client
close client
close client
close client
close client
close client
close client
close client
close client
close client
close client
close client
close client
close client
close client
close client
close client
close client
close client
close client
close client
close client
close client
close client
close client
close client
close client
close client
close client
close client
close client
close client
close client
close client
close client
close client
close client
close client
close client
close client
close client
close client
close client
close client
close client
close client
close client
close client
close client
close client
close client
close client
close client
close client
close client
close client
close client
close client
close client
close client
close client
close client
close client
close client
close client
close client
close client
close client
close client
close client
close client
close client
close client
close client
close client
close client
close client
close client
close client
close client
close client
close client
close client
close client
close client
close client
close client
close client
close client
close client
close client
close client
close client
close client
close client
close client
close client
close client
close client
close client
close client
close client
close client
close client
close client
close client
close client
close client
close client
close client
close client
close client
close client
close client
close client
close client
close client
close client
close client
close client
close client
close client
close client
close client
close client
close client
close client
close client
close client
close client
close client
close client
close client
close client
close client
close client
close client
close client
close client
close client
close client
close client
close client
close client
close client
close client
close client
close client
close client
close client
close client
close client
close client
close client
close client
close client
close client
close client
close client
close client
close client
close client
close client
close client
close client
close client
close client
close client
close client
close client
close client
close client
close client
close client
close client
close client
close client
close client
close client
close client
close client
close client
close client
close client
close client
close client
close client
close client
close client
close client
close client
close client
close client
close client
close client
close client
close client
close client
close client
close client
close client
close client
close client
close client
close client
close client
close client
close client
close client
close client
close client
close client
close client
close client
close client
close client
close client
close client
close client
close client
close client
close client
close client
close client
close client
close client
close client
close client
close client
close client
close client
close client
close client
close client
close client
close client
close client
close client
close client
close client
close client
close client
close client
close client
close client
close client
close client
close client
close client
close client
close client
close client
close client
close client
close client
close client
close client
close client
close client
close client
close client
close client
close client
close client
close client
close client
close client
close client
close client
close client
close client
close client
close client
close client
close client
close client
close client
close client
close client
close client
close client
close client
close client
close client
close client
close client
close client
close client
close client
close client
close client
close client
close client
close client
close client
close client
close client
close client
close client
close client
close client
close client
close client
close client
close client
close client
close client
close client
close client
close client
close client
close client
close client
close client
close client
close client
close client
close client
close client
close client
close client
close client
close client
close client
close client
close client
close client
close client
close client
close client
close client
close client
close client
close client
close client
close client
close client
close client
close client
close client
close client
close client
close client
close client
close client
close client
close client
close client
close client
close client
close client
close client
close client
close client
close client
close client
close client
close client
close client
close client
close client
close client
close client
close client
close client
close client
close client
close client
close client
close client
close client
close client
close client
close client
close client
close client
close client
close client
close client
close client
close client
close client
close client
close client
close client
close client
close client
close client
close client
close client
close client
close client
close client
close client
close client
close client
close client
close client
close client
close client
close client
close client
close client
close client
close client
close client
close client
close client
close client
close client
close client
close client
close client
close client
close client
close client
close client
close client
close client
close client
close client
close client
close client
close client
close client
close client
close client
close client
close client
close client
close client
close client
close client
close client
close client
close client
close client
close client
close client
close client
close client
close client
close client
close client
close client
close client
close client
close client
close client
close client
close client
close client
close client
close client
close client
close client
close client
close client
close client
close client
close client
close client
close client
close client
close client
close client
close client
close client
close client
close client
close client
close client
close client
close client
close client
close client
close client
close client
close client
close client
close client
close client
close client
close client
close client
close client
close client
close client
close client
close client
close client
close client
close client
close client
close client
close client
close client
close client
close client
close client
close client
close client
close client
close client
close client
close client
close client
close client
close client
close client
close client
close client
close client
close client
close client
close client
close client
close client
close client
close client
close client
close client
close client
close client
close client
close client
close client
close client
close client
close client
close client
close client
close client
close client
close client
close client
close client
close client
close client
close client
close client
close client
close client
close client
close client
close client
close client
close client
close client
close client
close client
close client
close client
close client
close client
close client
close client
close client
close client
close client
close client
close client
close client
close client
close client
close client
close client
close client
close client
close client
close client
close client
close client
close client
close client
close client
close client
close client
close client
close client
close client
close client
close client
close client
close client
close client
close client
close client
close client
close client
close client
close client
close client
close client
close client
close client
close client
close client
close client
close client
close client
close client
close client
close client
close client
close client
close client
close client
close client
close client
close client
close client
close client
close client
close client
close client
close client
close client
close client
close client
close client
close client
close client
close client
close client
close client
close client
close client
close client
close client
close client
close client
close client
close client
close client
close client
close client
close client
close client
close client
close client
close client
close client
close client
close client
close client
close client
close client
close client
close client
close client
close client
close client
close client
close client
close client
close client
close client
close client
close client
close client
close client
close client
close client
close client
close client
close client
close client
close client
close client
close client
close client
close client
close client
close client
close client
close client
close client
close client
close client
close client
close client
close client
close client
close client
close client
close client
close client
close client
close client
close client
close client
close client
close client
close client
close client
close client
close client
close client
close client
close client
close client
close client
close client
close client
close client
close client
close client
close client
close client
close client
close client
close client
close client
close client
close client
close client
close client
close client
close client
close client
close client
close client
close client
close client
close client
close client
close client
close client
close client
close client
close client
close client
close client
close client
close client
close client
close client
close client
close client
close client
close client
close client
close client
close client
close client
close client
close client
close client
close client
close client
close client
close client
close client
close client
close client
close client
close client
close client
close client
close client
close client
close client
close client
close client
close client
close client
close client
close client
close client
close client
close client
close client
close client
close client
close client
close client
close client
close client
close client
close client
close client
close client
close client
close client
close client
close client
close client
close client
close client
close client
close client
close client
close client
close client
close client
close client
close client
close client
close client
close client
close client
close client
close client
close client
close client
close client
close client
close client
close client
close client
close client
close client
close client
close client
close client
close client
close client
close client
close client
close client
close client
close client
close client
close client
close client
close client
close client
close client
close client
close client
close client
close client
close client
close client
close client
close client
close client
close client
close client
close client
close client
close client
close client
close client
close client
close client
close client
close client
close client
close client
close client
close client
close client
close client
close client
close client
close client
close client
close client
close client
close client
close client
close client
close client
close client
close client
close client
close client
close client
close client
close client
close client
close client
close client
close client
close client
close client
close client
close client
close client
close client
close client
close client
close client
close client
close client
close client
close client
close client
close client
close client
close client
close client
close client
close client
close client
close client
close client
close client
close client
close client
close client
close client
close client
close client
close client
close client
close client
close client
close client
close client
close client
close client
close client
close client
close client
close client
close client
close client
close client
close client
close client
close client
close client
close client
close client
close client
close client
close client
close client
close client
close client
close client
close client
close client
close client
close client
close client
close client
close client
close client
close client
close client
close client
close client
close client
close client
close client
close client
close client
close client
close client
close client
close client
close client
close client
close client
close client
close client
close client
close client
close client
close client
close client
close client
close client
close client
close client
close client
close client
close client
close client
close client
close client
close client
close client
close client
close client
close client
close client
close client
close client
close client
close client
close client
close client
close client
close client
close client
close client
close client
close client
close client
close client
close client
close client
close client
close client
close client
close client
close client
close client
close client
close client
close client
close client
close client
close client
close client
close client
close client
close client
close client
close client
close client
close client
close client
close client
close client
close client
close client
close client
close client
close client
close client
close client
close client
close client
close client
close client
close client
close client
close client
close client
close client
close client
close client
close client
close client
close client
close client
close client
close client
close client
close client
close client
close client
close client
close client
close client
close client
close client
close client
close client
close client
close client
close client
close client
close client
close client
close client
close client
close client
close client
close client
close client
close client
close client
close client
close client
close client
close client
close client
close client
close client
close client
close client
close client
close client
close client
close client
close client
close client
close client
close client
close client
close client
close client
close client
close client
close client
close client
close client
close client
close client
close client
close client
close client
close client
close client
close client
close client
close client
close client
close client
close client
close client
close client
close client
close client
close client
close client
close client
close client
close client
close client
close client
close client
close client
close client
close client
close client
close client
close client
close client
close client
close client
close client
close client
close client
close client
close client
close client
close client
close client
close client
close client
close client
close client
close client
close client
close client
close client
close client
close client
close client
close client
close client
close client
close client
close client
close client
close client
close client
close client
close client
close client
close client
close client
close client
close client
close client
close client
close client
close client
close client
close client
close client
close client
close client
close client
close client
close client
close client
close client
close client
close client
close client
close client
close client
close client
close client
close client
close client
close client
close client
close client
close client
close client
close client
close client
close client
close client
close client
close client
close client
close client
close client
close client
close client
close client
close client
close client
close client
close client
close client
close client
close client
close client
close client
close client
close client
close client
close client
close client
close client
close client
close client
close client
close client
close client
close client
close client
close client
close client
close client
close client
close client
close client
close client
close client
close client
close client
close client
close client
close client
close client
close client
close client
close client
close client
close client
close client
close client
close client
close client
close client
close client
close client
close client
close client
close client
close client
close client
close client
close client
close client
close client
close client
close client
close client
close client
close client
close client
close client
close client
close client
close client
close client
close client
close client
close client
close client
close client
close client
close client
close client
close client
close client
close client
close client
close client
close client
close client
close client
close client
close client
close client
close client
close client
close client
close client
close client
close client
close client
close client
close client
close client
close client
close client
close client
close client
close client
close client
close client
close client
close client
close client
close client
close client
close client
close client
close client
close client
close client
close client
close client
close client
close client
close client
close client
close client
close client
close client
close client
close client
close client
close client
close client
close client
close client
close client
close client
close client
close client
close client
close client
close client
close client
close client
close client
close client
close client
close client
close client
close client
close client
close client
close client
close client
close client
close client
close client
close client
close client
close client
close client
close client
close client
close client
close client
close client
close client
close client
close client
close client
close client
close client
close client
close client
close client
close client
close client
close client
close client
close client
close client
close client
close client
close client
close client
close client
close client
close client
close client
close client
close client
close client
close client
close client
close client
close client
close client
close client
close client
close client
close client
close client
close client
close client
close client
close client
close client
close client
close client
close client
close client
close client
close client
close client
close client
close client
close client
close client
close client
close client
close client
close client
close client
close client
close client
close client
close client
close client
close client
close client
close client
close client
close client
close client
close client
close client
close client
close client
close client
close client
close client
close client
close client
close client
close client
close client
close client
close client
close client
close client
close client
close client
close client
close client
close client
close client
close client
close client
close client
close client
close client
close client
close client
close client
close client
close client
close client
close client
close client
close client
close client
close client
close client
close client
close client
close client
close client
close client
close client
close client
close client
close client
close client
close client
close client
close client
close client
close client
close client
close client
close client
close client
close client
close client
close client
close client
close client
close client
close client
close client
close client
close client
close client
close client
close client
close client
close client
close client
close client
close client
close client
close client
close client
close client
close client
close client
close client
close client
close client
close client
close client
close client
close client
close client
close client
close client
close client
close client
close client
close client
close client
close client
close client
close client
close client
close client
close client
close client
close client
close client
close client
close client
close client
close client
close client
close client
close client
close client
close client
close client
close client
close client
close client
close client
close client
close client
close client
close client
close client
close client
close client
close client
close client
close client
close client
close client
close client
close client
close client
close client
close client
close client
close client
close client
close client
close client
close client
close client
close client
close client
close client
close client
close client
close client
close client
close client
close client
close client
close client
close client
close client
close client
close client
close client
close client
close client
close client
close client
close client
close client
close client
close client
close client
close client
close client
close client
close client
close client
close client
close client
close client
close client
close client
close client
close client
close client
close client
close client
close client
close client
close client
close client
close client
close client
close client
close client
close client
close client
close client
close client
close client
close client
close client
close client
close client
close client
close client
close client
close client
close client
close client
close client
close client
close client
close client
close client
close client
close client
close client
close client
close client
close client
close client
close client
close client
close client
close client
close client
close client
close client
close client
close client
close client
close client
close client
close client
close client
close client
close client
close client
close client
close client
close client
close client
close client
close client
close client
close client
close client
close client
close client
close client
close client
close client
close client
close client
close client
close client
close client
close client
close client
close client
close client
close client
close client
close client
close client
close client
close client
close client
close client
close client
close client
close client
close client
close client
close client
close client
close client
close client
close client
close client
close client
close client
close client
close client
close client
close client
close client
close client
close client
close client
close client
close client
close client
close client
close client
close client
close client
close client
close client
close client
close client
close client
close client
close client
close client
close client
close client
close client
close client
close client
close client
close client
close client
close client
close client
close client
close client
close client
close client
close client
close client
close client
close client
close client
close client
close client
close client
close client
close client
close client
close client
close client
close client
close client
close client
close client
close client
close client
close client
close client
close client
close client
close client
close client
close client
close client
close client
close client
close client
close client
close client
close client
close client
close client
close client
close client
close client
close client
close client
close client
close client
close client
close client
close client
close client
close client
close client
close client
close client
close client
close client
close client
close client
close client
close client
close client
close client
close client
close client
close client
close client
close client
close client
close client
close client
close client
close client
close client
close client
close client
close client
close client
close client
close client
close client
close client
close client
close client
close client
close client
close client
close client
close client
close client
close client
close client
close client
close client
close client
close client
close client
close client
close client
close client
close client
close client
close client
close client
close client
close client
close client
close client
close client
close client
close client
close client
close client
close client
close client
close client
close client
close client
close client
close client
close client
close client
close client
close client
close client
close client
close client
close client
close client
close client
close client
close client
close client
close client
close client
close client
close client
close client
close client
close client
close client
close client
close client
close client
close client
close client
close client
close client
close client
close client
close client
close client
close client
close client
close client
close client
close client
close client
close client
close client
close client
close client
close client
close client
close client
close client
close client
close client
close client
close client
close client
close client
close client
close client
close client
close client
close client
close client
close client
close client
close client
close client
close client
close client
close client
close client
close client
close client
close client
close client
close client
close client
close client
close client
close client
close client
close client
close client
close client
close client
close client
close client
close client
close client
close client
close client
close client
close client
close client
close client
close client
close client
close client
close client
close client
close client
close client
close client
close client
close client
close client
close client
close client
close client
close client
close client
close client
close client
close client
close client
close client
close client
close client
close client
close client
close client
close client
close client
close client
close client
close client
close client
close client
close client
close client
close client
close client
close client
close client
close client
close client
close client
close client
close client
close client
close client
close client
close client
close client
close client
close client
close client
close client
close client
close client
close client
close client
close client
close client
close client
close client
close client
close client
close client
close client
close client
close client
close client
close client
close client
close client
close client
close client
close client
close client
close client
close client
close client
close client
close client
close client
close client
close client
close client
close client
close client
close client
close client
close client
close client
close client
close client
close client
close client
close client
close client
close client
close client
close client
close client
close client
close client
close client
close client
close client
close client
close client
close client
close client
close client
close client
close client
close client
close client
close client
close client
close client
close client
close client
close client
close client
close client
close client
close client
close client
close client
close client
close client
close client
close client
close client
close client
close client
close client
close client
close client
close client
close client
close client
close client
close client
close client
close client
close client
close client
close client
close client
close client
close client
close client
close client
close client
close client
close client
close client
close client
close client
close client
close client
close client
close client
close client
close client
close client
close client
close client
close client
close client
close client
close client
close client
close client
close client
close client
close client
close client
close client
close client
close client
close client
close client
close client
close client
close client
close client
close client
close client
close client
close client
close client
close client
close client
close client
close client
close client
close client
close client
close client
close client
close client
close client
close client
close client
close client
close client
close client
close client
close client
close client
close client
close client
close client
close client
close client
close client
close client
close client
close client
close client
close client
close client
close client
close client
close client
close client
close client
close client
close client
close client
close client
close client
close client
close client
close client
close client
close client
close client
close client
close client
close client
close client
close client
close client
close client
close client
close client
close client
close client
close client
close client
close client
close client
close client
close client
close client
close client
close client
close client
close client
close client
close client
close client
close client
close client
close client
close client
close client
close client
close client
close client
close client
close client
close client
close client
close client
close client
close client
close client
close client
close client
close client
close client
close client
close client
close client
close client
close client
close client
close client
close client
close client
close client
close client
close client
close client
close client
close client
close client
close client
close client
close client
close client
close client
close client
close client
close client
close client
close client
close client
close client
close client
close client
close client
close client
close client
close client
close client
close client
close client
close client
close client
close client
close client
close client
close client
close client
close client
close client
close client
close client
close client
close client
close client
close client
close client
close client
close client
close client
close client
close client
close client
close client
close client
close client
close client
close client
close client
close client
close client
close client
close client
close client
close client
close client
close client
close client
close client
close client
close client
close client
close client
close client
close client
close client
close client
close client
close client
close client
close client
close client
close client
close client
close client
close client
close client
close client
close client
close client
close client
close client
close client
close client
close client
close client
close client
close client
close client
close client
close client
close client
close client
close client
close client
close client
close client
close client
close client
close client
close client
close client
close client
close client
close client
close client
close client
close client
close client
close client
close client
close client
close client
close client
close client
close client
close client
close client
close client
close client
close client
close client
close client
close client
close client
close client
close client
close client
close client
close client
close client
close client
close client
close client
close client
close client
close client
close client
close client
close client
close client
close client
close client
close client
close client
close client
close client
close client
close client
close client
close client
close client
close client
close client
close client
close client
close client
close client
close client
close client
close client
close client
close client
close client
close client
close client
close client
close client
close client
close client
close client
close client
close client
close client
close client
close client
close client
close client
close client
close client
close client
close client
close client
close client
close client
close client
close client
close client
close client
close client
close client
close client
close client
close client
close client
close client
close client
close client
close client
close client
close client
close client
close client
close client
close client
close client
close client
close client
close client
close client
close client
close client
close client
close client
close client
close client
close client
close client
close client
close client
close client
close client
close client
close client
close client
close client
close client
close client
close client
close client
close client
close client
close client
close client
close client
close client
close client
close client
close client
close client
close client
close client
close client
close client
close client
close client
close client
close client
close client
close client
close client
close client
close client
close client
close client
close client
close client
close client
close client
close client
close client
close client
close client
close client
close client
close client
close client
close client
close client
close client
close client
close client
close client
close client
close client
close client
close client
close client
close client
close client
close client
close client
close client
close client
close client
close client
close client
close client
close client
close client
close client
close client
close client
close client
close client
close client
close client
close client
close client
close client
close client
close client
close client
close client
close client
close client
close client
close client
close client
close client
close client
close client
close client
close client
close client
close client
close client
close client
close client
close client
close client
close client
close client
close client
close client
close client
close client
close client
close client
close client
close client
close client
close client
close client
close client
close client
close client
close client
close client
close client
close client
close client
close client
close client
close client
close client
close client
close client
close client
close client
close client
close client
close client
close client
close client
close client
close client
close client
close client
close client
close client
close client
close client
close client
close client
close client
close client
close client
close client
close client
close client
close client
close client
close client
close client
close client
close client
close client
close client
close client
close client
close client
close client
close client
close client
close client
close client
close client
close client
close client
close client
close client
close client
close client
close client
close client
close client
close client
close client
close client
close client
close client
close client
close client
close client
close client
close client
close client
close client
close client
close client
close client
close client
close client
close client
close client
close client
close client
close client
close client
close client
close client
close client
close client
close client
close client
close client
close client
close client
close client
close client
close client
close client
close client
close client
close client
close client
close client
close client
close client
close client
close client
close client
close client
close client
close client
close client
close client
close client
close client
close client
close client
close client
close client
close client
close client
close client
close client
close client
close client
close client
close client
close client
close client
close client
close client
close client
close client
close client
close client
close client
close client
close client
close client
close client
close client
close client
close client
close client
close client
close client
close client
close client
close client
close client
close client
close client
close client
close client
close client
close client
close client
close client
close client
close client
close client
close client
close client
close client
close client
close client
close client
close client
close client
close client
close client
close client
close client
close client
close client
close client
close client
close client
close client
close client
close client
close client
close client
close client
close client
close client
close client
close client
close client
close client
close client
close client
close client
close client
close client
close client
close client
close client
close client
close client
close client
close client
close client
close client
close client
close client
close client
close client
close client
close client
close client
close client
close client
close client
close client
close client
close client
close client
close client
close client
close client
close client
close client
close client
close client
close client
close client
close client
close client
close client
close client
close client
close client
close client
close client
close client
close client
close client
close client
close client
close client
close client
close client
close client
close client
close client
close client
close client
close client
close client
close client
close client
close client
close client
close client
close client
close client
close client
close client
close client
close client
close client
close client
close client
close client
close client
close client
close client
close client
close client
close client
close client
close client
close client
close client
close client
close client
close client
close client
close client
close client
close client
close client
close client
close client
close client
close client
close client
close client
close client
close client
close client
close client
close client
close client
close client
close client
close client
close client
close client
close client
close client
close client
close client
close client
close client
close client
close client
close client
close client
close client
close client
close client
close client
close client
close client
close client
close client
close client
close client
close client
close client
close client
close client
close client
close client
close client
close client
close client
close client
close client
close client
close client
close client
close client
close client
close client
close client
close client
close client
close client
close client
close client
close client
close client
close client
close client
close client
close client
close client
close client
close client
close client
close client
close client
close client
close client
close client
close client
close client
close client
close client
close client
close client
close client
close client
close client
close client
close client
close client
close client
close client
close client
close client
close client
close client
close client
close client
close client
close client
close client
close client
close client
close client
close client
close client
close client
close client
close client
close client
close client
close client
close client
close client
close client
close client
close client
close client
close client
close client
close client
close client
close client
close client
close client
close client
close client
close client
close client
close client
close client
close client
close client
close client
close client
close client
close client
close client
close client
close client
close client
close client
close client
close client
close client
close client
close client
close client
close client
close client
close client
close client
close client
close client
close client
close client
close client
close client
close client
close client
close client
close client
close client
close client
close client
close client
close client
close client
close client
close client
close client
close client
close client
close client
close client
close client
close client
close client
close client
close client
close client
close client
close client
close client
close client
close client
close client
close client
close client
close client
close client
close client
close client
close client
close client
close client
close client
close client
close client
close client
close client
close client
close client
close client
close client
close client
close client
close client
close client
close client
close client
close client
close client
close client
close client
close client
close client
close client
close client
close client
close client
close client
close client
close client
close client
close client
close client
close client
close client
close client
close client
close client
close client
close client
close client
close client
close client
close client
close client
close client
close client
close client
close client
close client
close client
close client
close client
close client
close client
close client
close client
close client
close client
close client
close client
close client
close client
close client
close client
close client
close client
close client
close client
close client
close client
close client
close client
close client
close client
close client
close client
close client
close client
close client
close client
close client
close client
close client
close client
close client
close client
close client
close client
close client
close client
close client
close client
close client
close client
close client
close client
close client
close client
close client
close client
close client
close client
close client
close client
close client
close client
close client
close client
close client
close client
close client
close client
close client
close client
close client
close client
close client
close client
close client
close client
close client
close client
close client
close client
close client
close client
close client
close client
close client
close client
close client
close client
close client
close client
close client
close client
close client
close client
close client
close client
close client
close client
close client
close client
close client
close client
close client
close client
close client
close client
close client
close client
close client
close client
close client
close client
close client
close client
close client
close client
close client
close client
close client
close client
close client
close client
close client
close client
close client
close client
close client
close client
close client
close client
close client
close client
close client
close client
close client
close client
close client
close client
close client
close client
close client
close client
close client
close client
close client
close client
close client
close client
close client
close client
close client
close client
close client
close client
close client
close client
close client
close client
close client
close client
close client
close client
close client
close client
close client
close client
close client
close client
close client
close client
close client
close client
close client
close client
close client
close client
close client
close client
close client
close client
close client
close client
close client
close client
close client
close client
close client
close client
close client
close client
close client
close client
close client
close client
close client
close client
close client
close client
close client
close client
close client
close client
close client
close client
close client
close client
close client
close client
close client
close client
close client
close client
close client
close client
close client
close client
close client
close client
close client
close client
close client
close client
close client
close client
close client
close client
close client
close client
close client
close client
close client
close client
close client
close client
close client
close client
close client
close client
close client
close client
close client
close client
close client
close client
close client
close client
close client
close client
close client
close client
close client
close client
close client
close client
close client
close client
close client
close client
close client
close client
close client
close client
close client
close client
close client
close client
close client
close client
close client
close client
close client
close client
close client
close client
close client
close client
close client
close client
close client
close client
close client
close client
close client
close client
close client
close client
close client
close client
close client
close client
close client
close client
close client
close client
close client
close client
close client
close client
close client
close client
close client
close client
close client
close client
close client
close client
close client
close client
close client
close client
close client
close client
close client
close client
close client
close client
close client
close client
close client
close client
close client
close client
close client
close client
close client
close client
close client
close client
close client
close client
close client
close client
close client
close client
close client
close client
close client
close client
close client
close client
close client
close client
close client
close client
close client
close client
close client
close client
close client
close client
close client
close client
close client
close client
close client
close client
close client
close client
close client
close client
close client
close client
close client
close client
close client
close client
close client
close client
close client
close client
close client
close client
close client
close client
close client
close client
close client
close client
close client
close client
close client
close client
close client
close client
close client
close client
close client
close client
close client
close client
close client
close client
close client
close client
close client
close client
close client
close client
close client
close client
close client
close client
close client
close client
close client
close client
close client
close client
close client
close client
close client
close client
close client
close client
close client
close client
close client
close client
close client
close client
close client
close client
close client
close client
close client
close client
close client
close client
close client
close client
close client
close client
close client
close client
close client
close client
close client
close client
close client
close client
close client
close client
close client
close client
close client
close client
close client
close client
close client
close client
close client
close client
close client
close client
close client
close client
close client
close client
close client
close client
close client
close client
close client
close client
close client
close client
close client
close client
close client
close client
close client
close client
close client
close client
close client
close client
close client
close client
close client
close client
close client
close client
close client
close client
close client
close client
close client
close client
close client
close client
close client
close client
close client
close client
close client
close client
close client
close client
close client
close client
close client
close client
close client
close client
close client
close client
close client
close client
close client
close client
close client
close client
close client
close client
close client
close client
close client
close client
close client
close client
close client
close client
close client
close client
close client
close client
close client
close client
close client
close client
close client
close client
close client
close client
close client
close client
close client
close client
close client
close client
close client
close client
close client
close client
close client
close client
close client
close client
close client
close client
close client
close client
close client
close client
close client
close client
close client
close client
close client
close client
close client
close client
close client
close client
close client
close client
close client
close client
close client
close client
close client
close client
close client
close client
close client
close client
close client
close client
close client
close client
close client
close client
close client
close client
close client
close client
close client
close client
close client
close client
close client
close client
close client
close client
close client
close client
close client
close client
close client
close client
close client
close client
close client
close client
close client
close client
close client
close client
close client
close client
close client
close client
close client
close client
close client
close client
close client
close client
close client
close client
close client
close client
close client
close client
close client
close client
close client
close client
close client
close client
close client
close client
close client
close client
close client
close client
close client
close client
close client
close client
close client
close client
close client
close client
close client
close client
close client
close client
close client
close client
close client
close client
close client
close client
close client
close client
close client
close client
close client
close client
close client
close client
close client
close client
close client
close client
close client
close client
close client
close client
close client
close client
close client
close client
close client
close client
close client
close client
close client
close client
close client
close client
close client
close client
close client
close client
close client
close client
close client
close client
close client
close client
close client
close client
close client
close client
close client
close client
close client
close client
close client
close client
close client
close client
close client
close client
close client
close client
close client
close client
close client
close client
close client
close client
close client
close client
close client
close client
close client
close client
close client
close client
close client
close client
close client
close client
close client
close client
close client
close client
close client
close client
close client
close client
close client
close client
close client
close client
close client
close client
close client
close client
close client
close client
close client
close client
close client
close client
close client
close client
close client
close client
close client
close client
close client
close client
close client
close client
close client
close client
close client
close client
close client
close client
close client
close client
close client
close client
close client
close client
close client
close client
close client
close client
close client
close client
close client
close client
close client
close client
close client
close client
close client
close client
close client
close client
close client
close client
close client
close client
close client
close client
close client
close client
close client
close client
close client
close client
close client
close client
close client
close client
close client
close client
close client
close client
close client
close client
close client
close client
close client
close client
close client
close client
close client
close client
close client
close client
close client
close client
close client
close client
close client
close client
close client
close client
close client
close client
close client
close client
close client
close client
close client
close client
close client
close client
close client
close client
close client
close client
close client
close client
close client
close client
close client
close client
close client
close client
close client
close client
close client
close client
close client
close client
close client
close client
close client
close client
close client
close client
close client
close client
close client
close client
close client
close client
close client
close client
close client
close client
close client
close client
close client
close client
close client
close client
close client
close client
close client
close client
close client
close client
close client
close client
close client
close client
close client
close client
close client
close client
close client
close client
close client
close client
close client
close client
close client
close client
close client
close client
close client
close client
close client
close client
close client
close client
close client
close client
close client
close client
close client
close client
close client
close client
close client
close client
close client
close client
close client
close client
close client
close client
close client
close client
close client
close client
close client
close client
close client
close client
close client
close client
close client
close client
close client
close client
close client
close client
close client
close client
close client
close client
close client
close client
close client
close client
close client
close client
close client
close client
close client
close client
close client
close client
close client
close client
close client
close client
close client
close client
close client
close client
close client
close client
close client
close client
close client
close client
close client
close client
close client
close client
close client
close client
close client
close client
close client
close client
close client
close client
close client
close client
close client
close client
close client
close client
close client
close client
close client
close client
close client
close client
close client
close client
close client
close client
close client
close client
close client
close client
close client
close client
close client
close client
close client
close client
close client
close client
close client
close client
close client
close client
close client
close client
close client
close client
close client
close client
close client
close client
close client
close client
close client
close client
close client
close client
close client
close client
close client
close client
close client
close client
close client
close client
close client
close client
close client
close client
close client
close client
close client
close client
close client
close client
close client
close client
close client
close client
close client
close client
close client
close client
close client
close client
close client
close client
close client
close client
close client
close client
close client
close client
close client
close client
close client
close client
close client
close client
close client
close client
close client
close client
close client
close client
close client
close client
close client
close client
close client
close client
close client
close client
close client
close client
close client
close client
close client
close client
close client
close client
close client
close client
close client
close client
close client
close client
close client
close client
close client
close client
close client
close client
close client
close client
close client
close client
close client
close client
close client
close client
close client
close client
close client
close client
close client
close client
close client
close client
close client
close client
close client
close client
close client
close client
close client
close client
close client
close client
close client
close client
close client
close client
close client
close client
close client
close client
close client
close client
close client
close client
close client
close client
close client
close client
close client
close client
close client
close client
close client
close client
close client
close client
close client
close client
close client
close client
close client
close client
close client
close client
close client
close client
close client
close client
close client
close client
close client
close client
close client
close client
close client
close client
close client
close client
close client
close client
close client
close client
close client
close client
close client
close client
close client
close client
close client
close client
close client
close client
close client
close client
close client
close client
close client
close client
close client
close client
close client
close client
close client
close client
close client
close client
close client
close client
close client
close client
close client
close client
close client
close client
close client
close client
close client
close client
close client
close client
close client
close client
close client
close client
close client
close client
close client
close client
close client
close client
close client
close client
close client
close client
close client
close client
close client
close client
close client
close client
close client
close client
close client
close client
close client
close client
close client
close client
close client
close client
close client
close client
close client
close client
close client
close client
close client
close client
close client
close client
close client
close client
close client
close client
close client
close client
close client
close client
close client
close client
close client
close client
close client
close client
close client
close client
close client
close client
close client
close client
close client
close client
close client
close client
close client
close client
close client
close client
close client
close client
close client
close client
close client
close client
close client
close client
close client
close client
close client
close client
close client
close client
close client
close client
close client
close client
close client
close client
close client
close client
close client
close client
close client
close client
close client
close client
close client
close client
close client
close client
close client
close client
close client
close client
close client
close client
close client
close client
close client
close client
close client
close client
close client
close client
close client
close client
close client
close client
close client
close client
close client
close client
close client
close client
close client
close client
close client
close client
close client
close client
close client
close client
close client
close client
close client
close client
close client
close client
close client
close client
close client
close client
close client
close client
close client
close client
close client
close client
close client
close client
close client
close client
close client
close client
close client
close client
close client
close client
close client
close client
close client
close client
close client
close client
close client
close client
close client
close client
close client
close client
close client
close client
close client
close client
close client
close client
close client
close client
close client
close client
close client
close client
close client
close client
close client
close client
close client
close client
close client
close client
close client
close client
close client
close client
close client
close client
close client
close client
close client
close client
close client
close client
close client
close client
close client
close client
close client
close client
close client
close client
close client
close client
close client
close client
close client
close client
close client
close client
close client
close client
close client
close client
close client
close client
close client
close client
close client
close client
close client
close client
close client
close client
close client
close client
close client
close client
close client
close client
close client
close client
close client
close client
close client
close client
close client
close client
close client
close client
close client
close client
close client
close client
close client
close client
close client
close client
close client
close client
close client
close client
close client
close client
close client
close client
close client
close client
close client
close client
close client
close client
close client
close client
close client
close client
close client
close client
close client
close client
close client
close client
close client
close client
close client
close client
close client
close client
close client
close client
close client
close client
close client
close client
close client
close client
close client
close client
close client
close client
close client
close client
close client
close client
close client
close client
close client
close client
close client
close client
close client
close client
close client
close client
close client
close client
close client
close client
close client
close client
close client
close client
close client
close client
close client
close client
close client
close client
close client
close client
close client
close client
close client
close client
close client
close client
close client
close client
close client
close client
close client
close client
close client
close client
close client
close client
close client
close client
close client
close client
close client
close client
close client
close client
close client
close client
close client
close client
close client
close client
close client
close client
close client
close client
close client
close client
close client
close client
close client
close client
close client
close client
close client
close client
close client
close client
close client
close client
close client
close client
close client
close client
close client
close client
close client
close client
close client
close client
close client
close client
close client
close client
close client
close client
close client
close client
close client
close client
close client
close client
close client
close client
close client
close client
close client
close client
close client
close client
close client
close client
close client
close client
close client
close client
close client
close client
close client
close client
close client
close client
close client
close client
close client
close client
close client
close client
close client
close client
close client
close client
close client
close client
close client
close client
close client
close client
close client
close client
close client
close client
close client
close client
close client
close client
close client
close client
close client
close client
close client
close client
close client
close client
close client
close client
close client
close client
close client
close client
close client
close client
close client
close client
close client
close client
close client
close client
close client
close client
close client
close client
close client
close client
close client
close client
close client
close client
close client
close client
close client
close client
close client
close client
close client
close client
close client
close client
close client
close client
close client
close client
close client
close client
close client
close client
close client
close client
close client
close client
close client
close client
close client
close client
close client
close client
close client
close client
close client
close client
close client
close client
close client
close client
close client
close client
close client
close client
close client
close client
close client
close client
close client
close client
close client
close client
close client
close client
close client
close client
close client
close client
close client
close client
close client
close client
close client
close client
close client
close client
close client
close client
close client
close client
close client
close client
close client
close client
close client
close client
close client
close client
close client
close client
close client
close client
close client
close client
close client
close client
close client
close client
close client
close client
close client
close client
close client
close client
close client
close client
close client
close client
close client
close client
close client
close client
close client
close client
close client
close client
close client
close client
close client
close client
close client
close client
close client
close client
close client
close client
close client
close client
close client
close client
close client
close client
close client
close client
close client
close client
close client
close client
close client
close client
close client
close client
close client
close client
close client
close client
close client
close client
close client
close client
close client
close client
close client
close client
close client
close client
close client
close client
close client
close client
close client
close client
close client
close client
close client
close client
close client
close client
close client
close client
close client
close client
close client
close client
close client
close client
close client
close client
close client
close client
close client
close client
close client
close client
close client
close client
close client
close client
close client
close client
close client
close client
close client
close client
close client
close client
close client
close client
close client
close client
close client
close client
close client
close client
close client
close client
close client
close client
close client
close client
close client
close client
close client
close client
close client
close client
close client
close client
close client
close client
close client
close client
close client
close client
close client
close client
close client
close client
close client
close client
close client
close client
close client
close client
close client
close client
close client
close client
close client
close client
close client
close client
close client
close client
close client
close client
close client
close client
close client
close client
close client
close client
close client
close client
close client
close client
close client
close client
close client
close client
close client
close client
close client
close client
close client
close client
close client
close client
close client
close client
close client
close client
close client
close client
close client
close client
close client
close client
close client
close client
close client
close client
close client
close client
close client
close client
close client
close client
close client
close client
close client
close client
close client
close client
close client
close client
close client
close client
close client
close client
close client
close client
close client
close client
close client
close client
close client
close client
close client
close client
close client
close client
close client
close client
close client
close client
close client
close client
close client
close client
close client
close client
close client
close client
close client
close client
close client
close client
close client
close client
close client
close client
close client
close client
close client
close client
close client
close client
close client
close client
close client
close client
close client
close client
close client
close client
close client
close client
close client
close client
close client
close client
close client
close client
close client
close client
close client
close client
close client
close client
close client
close client
close client
close client
close client
close client
close client
close client
close client
close client
close client
close client
close client
close client
close client
close client
close client
close client
close client
close client
close client
close client
close client
close client
close client
close client
close client
close client
close client
close client
close client
close client
close client
close client
close client
close client
close client
close client
close client
close client
close client
close client
close client
close client
close client
close client
close client
close client
close client
close client
close client
close client
close client
close client
close client
close client
close client
close client
close client
close client
close client
close client
close client
close client
close client
close client
close client
close client
close client
close client
close client
close client
close client
close client
close client
close client
close client
close client
close client
close client
close client
close client
close client
close client
close client
close client
close client
close client
close client
close client
close client
close client
close client
close client
close client
close client
close client
close client
close client
close client
close client
close client
close client
close client
close client
close client
close client
close client
close client
close client
close client
close client
close client
close client
close client
close client
close client
close client
close client
close client
close client
close client
close client
close client
close client
close client
close client
close client
close client
close client
close client
close client
close client
close client
close client
close client
close client
close client
close client
close client
close client
close client
close client
close client
close client
close client
close client
close client
close client
close client
close client
close client
close client
close client
close client
close client
close client
close client
close client
close client
close client
close client
close client
close client
close client
close client
close client
close client
close client
close client
close client
close client
close client
close client
close client
close client
close client
close client
close client
close client
close client
close client
close client
close client
close client
close client
close client
close client
close client
close client
close client
close client
close client
close client
close client
close client
close client
close client
close client
close client
close client
close client
close client
close client
close client
close client
close client
close client
close client
close client
close client
close client
close client
close client
close client
close client
close client
close client
close client
close client
close client
close client
close client
close client
close client
close client
close client
close client
close client
close client
close client
close client
close client
close client
close client
close client
close client
close client
close client
close client
close client
close client
close client
close client
close client
close client
close client
close client
close client
close client
close client
close client
close client
close client
close client
close client
close client
close client
close client
close client
close client
close client
close client
close client
close client
close client
close client
close client
close client
close client
close client
close client
close client
close client
close client
close client
close client
close client
close client
close client
close client
close client
close client
close client
close client
close client
close client
close client
close client
close client
close client
close client
close client
close client
close client
close client
close client
close client
close client
close client
close client
close client
close client
close client
close client
close client
close client
close client
close client
close client
close client
close client
close client
close client
close client
close client
close client
close client
close client
close client
close client
close client
close client
close client
close client
close client
close client
close client
close client
close client
close client
close client
close client
close client
close client
close client
close client
close client
close client
close client
close client
close client
close client
close client
close client
close client
close client
close client
close client
close client
close client
close client
close client
close client
close client
close client
close client
close client
close client
close client
close client
close client
close client
close client
close client
close client
close client
close client
close client
close client
close client
close client
close client
close client
close client
close client
close client
close client
close client
close client
close client
close client
close client
close client
close client
close client
close client
close client
close client
close client
close client
close client
close client
close client
close client
close client
close client
close client
close client
close client
close client
close client
close client
close client
close client
close client
close client
close client
close client
close client
close client
close client
close client
close client
close client
close client
close client
close client
close client
close client
close client
close client
close client
close client
close client
close client
close client
close client
close client
close client
close client
close client
close client
close client
close client
close client
close client
close client
close client
close client
close client
close client
close client
close client
close client
close client
close client
close client
close client
close client
close client
close client
close client
close client
close client
close client
close client
close client
close client
close client
close client
close client
close client
close client
close client
close client
close client
close client
close client
close client
close client
close client
close client
close client
close client
close client
close client
close client
close client
close client
close client
close client
close client
close client
close client
close client
close client
close client
close client
close client
close client
close client
close client
close client
close client
close client
close client
close client
close client
close client
close client
close client
close client
close client
close client
close client
close client
close client
close client
close client
close client
close client
close client
close client
close client
close client
close client
close client
close client
close client
close client
close client
close client
close client
close client
close client
close client
close client
close client
close client
close client
close client
close client
close client
close client
close client
close client
close client
close client
close client
close client
close client
close client
close client
close client
close client
close client
close client
close client
close client
close client
close client
close client
close client
close client
close client
close client
close client
close client
close client
close client
close client
close client
close client
close client
close client
close client
close client
close client
close client
close client
close client
close client
close client
close client
close client
close client
close client
close client
close client
close client
close client
close client
close client
close client
close client
close client
close client
close client
close client
close client
close client
close client
close client
close client
close client
close client
close client
close client
close client
close client
close client
close client
close client
close client
close client
close client
close client
close client
close client
close client
close client
close client
close client
close client
close client
close client
close client
close client
close client
close client
close client
close client
close client
close client
close client
close client
close client
close client
close client
close client
close client
close client
close client
close client
close client
close client
close client
close client
close client
close client
close client
close client
close client
close client
close client
close client
close client
close client
close client
close client
close client
close client
close client
close client
close client
close client
close client
close client
close client
close client
close client
close client
close client
close client
close client
close client
close client
close client
close client
close client
close client
close client
close client
close client
close client
close client
close client
close client
close client
close client
close client
close client
close client
close client
close client
close client
close client
close client
close client
close client
close client
close client
close client
close client
close client
close client
close client
close client
close client
close client
close client
close client
close client
close client
close client
close client
close client
close client
close client
close client
close client
close client
close client
close client
close client
close client
close client
close client
close client
close client
close client
close client
close client
close client
close client
close client
close client
close client
close client
close client
close client
close client
close client
close client
close client
close client
close client
close client
close client
close client
close client
close client
close client
close client
close client
close client
close client
close client
close client
close client
close client
close client
close client
close client
close client
close client
close client
close client
close client
close client
close client
close client
close client
close client
close client
close client
close client
close client
close client
close client
close client
close client
close client
close client
close client
close client
close client
close client
close client
close client
close client
close client
close client
close client
close client
close client
close client
close client
close client
close client
close client
close client
close client
close client
close client
close client
close client
close client
close client
close client
close client
close client
close client
close client
close client
close client
close client
close client
close client
close client
close client
close client
close client
close client
close client
close client
close client
close client
close client
close client
close client
close client
close client
close client
close client
close client
close client
close client
close client
close client
close client
close client
close client
close client
close client
close client
close client
close client
close client
close client
close client
close client
close client
close client
close client
close client
close client
close client
close client
close client
close client
close client
close client
close client
close client
close client
close client
close client
close client
close client
close client
close client
close client
close client
close client
close client
close client
close client
close client
close client
close client
close client
close client
close client
close client
close client
close client
close client
close client
close client
close client
close client
close client
close client
close client
close client
close client
close client
close client
close client
close client
close client
close client
close client
close client
close client
close client
close client
close client
close client
close client
close client
close client
close client
close client
close client
close client
close client
close client
close client
close client
close client
close client
close client
close client
close client
close client
close client
close client
close client
close client
close client
close client
close client
close client
close client
close client
close client
close client
close client
close client
close client
close client
close client
close client
close client
close client
close client
close client
close client
close client
close client
close client
close client
close client
close client
close client
close client
close client
close client
close client
close client
close client
close client
close client
close client
close client
close client
close client
close client
close client
close client
close client
close client
close client
close client
close client
close client
close client
close client
close client
close client
close client
close client
close client
close client
close client
close client
close client
close client
close client
close client
close client
close client
close client
close client
close client
close client
close client
close client
close client
close client
close client
close client
close client
close client
close client
close client
close client
close client
close client
close client
close client
close client
close client
close client
close client
close client
close client
close client
close client
close client
close client
close client
close client
close client
close client
close client
close client
close client
close client
close client
close client
close client
close client
close client
close client
close client
close client
close client
close client
close client
close client
close client
close client
close client
close client
close client
close client
close client
close client
close client
close client
close client
close client
close client
close client
close client
close client
close client
close client
close client
close client
close client
close client
close client
close client
close client
close client
close client
close client
close client
close client
close client
close client
close client
close client
close client
close client
close client
close client
close client
close client
close client
close client
close client
close client
close client
close client
close client
close client
close client
close client
close client
close client
close client
close client
close client
close client
close client
close client
close client
close client
close client
close client
close client
close client
close client
close client
close client
close client
close client
close client
close client
close client
close client
close client
close client
close client
close client
close client
close client
close client
close client
close client
close client
close client
close client
close client
close client
close client
close client
close client
close client
close client
close client
close client
close client
close client
close client
close client
close client
close client
close client
close client
close client
close client
close client
close client
close client
close client
close client
close client
close client
close client
close client
close client
close client
close client
close client
close client
close client
close client
close client
close client
close client
close client
close client
close client
close client
close client
close client
close client
close client
close client
close client
close client
close client
close client
close client
close client
close client
close client
close client
close client
close client
close client
close client
close client
close client
close client
close client
close client
close client
close client
close client
close client
close client
close client
close client
close client
close client
close client
close client
close client
close client
close client
close client
close client
close client
close client
close client
close client
close client
close client
close client
close client
close client
close client
close client
close client
close client
close client
close client
close client
close client
close client
close client
close client
close client
close client
close client
close client
close client
close client
close client
close client
close client
close client
close client
close client
close client
close client
close client
close client
close client
close client
close client
close client
close client
close client
close client
close client
close client
close client
close client
close client
close client
close client
close client
close client
close client
close client
close client
close client
close client
close client
close client
close client
close client
close client
close client
close client
close client
close client
close client
close client
close client
close client
close client
close client
close client
close client
close client
close client
close client
close client
close client
close client
close client
close client
close client
close client
close client
close client
close client
close client
close client
close client
close client
close client
close client
close client
close client
close client
close client
close client
close client
close client
close client
close client
close client
close client
close client
close client
close client
close client
close client
close client
close client
close client
close client
close client
close client
close client
close client
close client
close client
close client
close client
close client
close client
close client
close client
close client
close client
close client
close client
close client
close client
close client
close client
close client
close client
close client
close client
close client
close client
close client
close client
close client
close client
close client
close client
close client
close client
close client
close client
close client
close client
close client
close client
close client
close client
close client
close client
close client
close client
close client
close client
close client
close client
close client
close client
close client
close client
close client
close client
close client
close client
close client
close client
close client
close client
close client
close client
close client
close client
close client
close client
close client
close client
close client
close client
close client
close client
close client
close client
close client
close client
close client
close client
close client
close client
close client
close client
close client
close client
close client
close client
close client
close client
close client
close client
close client
close client
close client
close client
close client
close client
close client
close client
close client
close client
close client
close client
close client
close client
close client
close client
close client
close client
close client
close client
close client
close client
close client
close client
close client
close client
close client
close client
close client
close client
close client
close client
close client
close client
close client
close client
close client
close client
close client
close client
close client
close client
close client
close client
close client
close client
close client
close client
close client
close client
close client
close client
close client
close client
close client
close client
close client
close client
close client
close client
close client
close client
close client
close client
close client
close client
close client
close client
close client
close client
close client
close client
close client
close client
close client
close client
close client
close client
close client
close client
close client
close client
close client
close client
close client
close client
close client
close client
close client
close client
close client
close client
close client
close client
close client
close client
close client
close client
close client
close client
close client
close client
close client
close client
close client
close client
close client
close client
close client
close client
close client
close client
close client
close client
close client
close client
close client
close client
close client
close client
close client
close client
close client
close client
close client
close client
close client
close client
close client
close client
close client
close client
close client
close client
close client
close client
close client
close client
close client
close client
close client
close client
close client
close client
close client
close client
close client
close client
close client
close client
close client
close client
close client
close client
close client
close client
close client
close client
close client
close client
close client
close client
close client
close client
close client
close client
close client
close client
close client
close client
close client
close client
close client
close client
close client
close client
close client
close client
close client
close client
close client
close client
close client
close client
close client
close client
close client
close client
close client
close client
close client
close client
close client
close client
close client
close client
close client
close client
close client
close client
close client
close client
close client
close client
close client
close client
close client
close client
close client
close client
close client
close client
close client
close client
close client
close client
close client
close client
close client
close client
close client
close client
close client
close client
close client
close client
close client
close client
close client
close client
close client
close client
close client
close client
close client
close client
close client
close client
close client
close client
close client
close client
close client
close client
close client
close client
close client
close client
close client
close client
close client
close client
close client
close client
close client
close client
close client
close client
close client
close client
close client
close client
close client
close client
close client
close client
close client
close client
close client
close client
close client
close client
close client
close client
close client
close client
close client
close client
close client
close client
close client
close client
close client
close client
close client
close client
close client
close client
close client
close client
close client
close client
close client
close client
close client
close client
close client
close client
close client
close client
close client
close client
close client
close client
close client
close client
close client
close client
close client
close client
close client
close client
close client
close client
close client
close client
close client
close client
close client
close client
close client
close client
close client
close client
close client
close client
close client
close client
close client
close client
close client
close client
close client
close client
close client
close client
close client
close client
close client
close client
close client
close client
close client
close client
close client
close client
close client
close client
close client
close client
close client
close client
close client
close client
close client
close client
close client
close client
close client
close client
close client
close client
close client
close client
close client
close client
close client
close client
close client
close client
close client
close client
close client
close client
close client
close client
close client
close client
close client
close client
close client
close client
close client
close client
close client
close client
close client
close client
close client
close client
close client
close client
close client
close client
close client
close client
close client
close client
close client
close client
close client
close client
close client
close client
close client
close client
close client
close client
close client
close client
close client
close client
close client
close client
close client
close client
close client
close client
close client
close client
close client
close client
close client
close client
close client
close client
close client
close client
close client
close client
close client
close client
close client
close client
close client
close client
close client
close client
close client
close client
close client
close client
close client
close client
close client
close client
close client
close client
close client
close client
close client
close client
close client
close client
close client
close client
close client
close client
close client
close client
close client
close client
close client
close client
close client
close client
close client
close client
close client
close client
close client
close client
close client
close client
close client
close client
close client
close client
close client
close client
close client
close client
close client
close client
close client
close client
close client
close client
close client
close client
close client
close client
close client
close client
close client
close client
close client
close client
close client
close client
close client
close client
close client
close client
close client
close client
close client
close client
close client
close client
close client
close client
close client
close client
close client
close client
close client
close client
close client
close client
close client
close client
close client
close client
close client
close client
close client
close client
close client
close client
close client
close client
close client
close client
close client
close client
close client
close client
close client
close client
close client
close client
close client
close client
close client
close client
close client
close client
close client
close client
close client
close client
close client
close client
close client
close client
close client
close client
close client
close client
close client
close client
close client
close client
close client
close client
close client
close client
close client
close client
close client
close client
close client
close client
close client
close client
close client
close client
close client
close client
close client
close client
close client
close client
close client
close client
close client
close client
close client
close client
close client
close client
close client
close client
close client
close client
close client
close client
close client
close client
close client
close client
close client
close client
close client
close client
close client
close client
close client
close client
close client
close client
close client
close client
close client
close client
close client
close client
close client
close client
close client
close client
close client
close client
close client
close client
close client
close client
close client
close client
close client
close client
close client
close client
close client
close client
close client
close client
close client
close client
close client
close client
close client
close client
close client
close client
close client
close client
close client
close client
close client
close client
close client
close client
close client
close client
close client
close client
close client
close client
close client
close client
close client
close client
close client
close client
close client
close client
close client
close client
close client
close client
close client
close client
close client
close client
close client
close client
close client
close client
close client
close client
close client
close client
close client
close client
close client
close client
close client
close client
close client
close client
close client
close client
close client
close client
close client
close client
close client
close client
close client
close client
close client
close client
close client
close client
close client
close client
close client
close client
close client
close client
close client
close client
close client
close client
close client
close client
close client
close client
close client
close client
close client
close client
close client
close client
close client
close client
close client
close client
close client
close client
close client
close client
close client
close client
close client
close client
close client
close client
close client
close client
close client
close client
close client
close client
close client
close client
close client
close client
close client
close client
close client
close client
close client
close client
close client
close client
close client
close client
close client
close client
close client
close client
close client
close client
close client
close client
close client
close client
close client
close client
close client
close client
close client
close client
close client
close client
close client
close client
close client
close client
close client
close client
close client
close client
close client
close client
close client
close client
close client
close client
close client
close client
close client
close client
close client
close client
close client
close client
close client
close client
close client
close client
close client
close client
close client
close client
close client
close client
close client
close client
close client
close client
close client
close client
close client
close client
close client
close client
close client
close client
close client
close client
close client
close client
close client
close client
close client
close client
close client
close client
close client
close client
close client
close client
close client
close client
close client
close client
close client
close client
close client
close client
close client
close client
close client
close client
close client
close client
close client
close client
close client
close client
close client
close client
close client
close client
close client
close client
close client
close client
close client
close client
close client
close client
close client
close client
close client
close client
close client
close client
close client
close client
close client
close client
close client
close client
close client
close client
close client
close client
close client
close client
close client
close client
close client
close client
close client
close client
close client
close client
close client
close client
close client
close client
close client
close client
close client
close client
close client
close client
close client
close client
close client
close client
close client
close client
close client
close client
close client
close client
close client
close client
close client
close client
close client
close client
close client
close client
close client
close client
close client
close client
close client
close client
close client
close client
close client
close client
close client
close client
close client
close client
close client
close client
close client
close client
close client
close client
close client
close client
close client
close client
close client
close client
close client
close client
close client
close client
close client
close client
close client
close client
close client
close client
close client
close client
close client
close client
close client
close client
close client
close client
close client
close client
close client
close client
close client
close client
close client
close client
close client
close client
close client
close client
close client
close client
close client
close client
close client
close client
close client
close client
close client
close client
close client
close client
close client
close client
close client
close client
close client
close client
close client
close client
close client
close client
close client
close client
close client
close client
close client
close client
close client
close client
close client
close client
close client
close client
close client
close client
close client
close client
close client
close client
close client
close client
close client
close client
close client
close client
close client
close client
close client
close client
close client
close client
close client
close client
close client
close client
close client
close client
close client
close client
close client
close client
close client
close client
close client
close client
close client
close client
close client
close client
close client
close client
close client
close client
close client
close client
close client
close client
close client
close client
close client
close client
close client
close client
close client
close client
close client
close client
close client
close client
close client
close client
close client
close client
close client
close client
close client
close client
close client
close client
close client
close client
close client
close client
close client
close client
close client
close client
close client
close client
close client
close client
close client
close client
close client
close client
close client
close client
close client
close client
close client
close client
close client
close client
close client
close client
close client
close client
close client
close client
close client
close client
close client
close client
close client
close client
close client
close client
close client
close client
close client
close client
close client
close client
close client
close client
close client
close client
close client
close client
close client
close client
close client
close client
close client
close client
close client
close client
close client
close client
close client
close client
close client
close client
close client
close client
close client
close client
close client
close client
close client
close client
close client
close client
close client
close client
close client
close client
close client
close client
close client
close client
close client
close client
close client
close client
close client
close client
close client
close client
close client
close client
close client
close client
close client
close client
close client
close client
close client
close client
close client
close client
close client
close client
close client
close client
close client
close client
close client
close client
close client
close client
close client
close client
close client
close client
close client
close client
close client
close client
close client
close client
close client
close client
close client
close client
close client
close client
close client
close client
close client
close client
close client
close client
close client
close client
close client
close client
close client
close client
close client
close client
close client
close client
close client
close client
close client
close client
close client
close client
close client
close client
close client
close client
close client
close client
close client
close client
close client
close client
close client
close client
close client
close client
close client
close client
close client
close client
close client
close client
close client
close client
close client
close client
close client
close client
close client
close client
close client
close client
close client
close client
close client
close client
close client
close client
close client
close client
close client
close client
close client
close client
close client
close client
close client
close client
close client
close client
close client
close client
close client
close client
close client
close client
close client
close client
close client
close client
close client
close client
close client
close client
close client
close client
close client
close client
close client
close client
close client
close client
close client
close client
close client
close client
close client
close client
close client
close client
close client
close client
close client
close client
close client
close client
close client
close client
close client
close client
close client
close client
close client
close client
close client
close client
close client
close client
close client
close client
close client
close client
close client
close client
close client
close client
close client
close client
close client
close client
close client
close client
close client
close client
close client
close client
close client
close client
close client
close client
close client
close client
close client
close client
close client
close client
close client
close client
close client
close client
close client
close client
close client
close client
close client
close client
close client
close client
close client
close client
close client
close client
close client
close client
close client
close client
close client
close client
close client
close client
close client
close client
close client
close client
close client
close client
close client
close client
close client
close client
close client
close client
close client
close client
close client
close client
close client
close client
close client
close client
close client
close client
close client
close client
close client
close client
close client
close client
close client
close client
close client
close client
close client
close client
close client
close client
close client
close client
close client
close client
close client
close client
close client
close client
close client
close client
close client
close client
close client
close client
close client
close client
close client
close client
close client
close client
close client
close client
close client
close client
close client
close client
close client
close client
close client
close client
close client
close client
close client
close client
close client
close client
close client
close client
close client
